,age,gender,year_in_school,major,monthly_income,financial_aid,tuition,housing,food,transportation,books_supplies,entertainment,personal_care,technology,health_wellness,miscellaneous,preferred_payment_method
0,24,Male,Senior,Biology,1314,534,4501,726,275,107,295,87,36,207,104,136,Credit/Debit Card
1,21,Male,Sophomore,Economics,603,674,4550,803,275,113,192,42,50,127,94,91,Credit/Debit Card
2,22,Female,Sophomore,Biology,1980,105,5323,735,269,54,215,47,100,166,83,171,Credit/Debit Card
3,24,Male,Senior,Engineering,838,566,6330,744,328,95,101,90,30,222,146,100,Credit/Debit Card
4,20,Male,Freshman,Engineering,407,480,6112,714,389,133,126,49,56,268,88,99,Mobile Payment App
5,25,Female,Freshman,Computer Science,350,551,3882,624,310,67,196,41,29,140,172,155,Credit/Debit Card
6,22,Non-binary,Sophomore,Psychology,1481,346,3477,601,146,138,61,77,30,105,85,177,Mobile Payment App
7,22,Male,Freshman,Biology,1245,230,7370,848,178,141,80,47,65,121,118,119,Credit/Debit Card
8,24,Non-binary,Senior,Computer Science,1948,439,5864,919,222,198,161,55,41,143,122,115,Credit/Debit Card
9,19,Male,Freshman,Psychology,803,558,2665,788,194,125,192,59,100,180,66,137,Cash
10,20,Male,Sophomore,Biology,782,88,4874,493,213,58,300,36,61,181,71,140,Credit/Debit Card
11,24,Female,Senior,Economics,686,815,3257,1000,227,75,102,30,34,204,114,139,Credit/Debit Card
12,20,Non-binary,Freshman,Biology,614,543,5645,584,237,66,145,49,32,142,94,122,Credit/Debit Card
13,20,Non-binary,Junior,Engineering,683,81,7392,757,228,100,115,47,64,177,74,133,Credit/Debit Card
14,25,Female,Senior,Engineering,872,646,8088,830,298,85,130,88,28,143,172,68,Mobile Payment App
15,22,Female,Senior,Economics,570,193,3978,846,321,111,133,106,28,215,128,82,Mobile Payment App
16,21,Female,Junior,Computer Science,410,706,6688,917,237,172,156,95,20,208,121,128,Credit/Debit Card
17,25,Male,Junior,Psychology,852,311,6678,894,279,167,220,83,93,113,144,76,Mobile Payment App
18,25,Non-binary,Senior,Biology,565,786,5599,695,246,152,235,46,33,187,136,111,Cash
19,20,Female,Junior,Engineering,218,507,6318,650,332,130,196,54,57,186,104,127,Cash
20,23,Male,Sophomore,Computer Science,997,379,4903,580,244,97,182,60,23,144,127,70,Credit/Debit Card
21,22,Female,Sophomore,Economics,513,322,1903,598,287,109,114,60,20,106,136,141,Credit/Debit Card
22,19,Non-binary,Sophomore,Engineering,1042,177,4102,608,271,85,182,41,64,216,41,47,Mobile Payment App
23,25,Male,Senior,Economics,1032,794,3632,957,258,181,178,71,46,96,168,90,Credit/Debit Card
24,21,Male,Junior,Biology,896,192,6136,803,221,84,239,91,36,145,95,54,Credit/Debit Card
25,23,Male,Junior,Psychology,2171,302,4298,1000,283,107,158,84,60,106,124,90,Credit/Debit Card
26,23,Female,Freshman,Engineering,757,384,8024,744,252,72,147,43,40,143,118,154,Credit/Debit Card
27,19,Female,Freshman,Engineering,713,263,5529,569,367,113,95,64,90,175,42,93,Mobile Payment App
28,25,Female,Junior,Biology,1051,620,2779,549,260,89,300,40,55,157,168,47,Mobile Payment App
29,21,Non-binary,Junior,Computer Science,782,936,1540,1000,186,101,202,91,52,248,87,102,Credit/Debit Card
30,22,Male,Junior,Psychology,1272,326,2581,743,337,157,176,88,52,196,114,75,Mobile Payment App
31,18,Non-binary,Senior,Engineering,481,153,9120,900,361,103,129,104,65,155,88,110,Mobile Payment App
32,21,Non-binary,Junior,Psychology,484,178,6069,693,195,175,145,79,40,219,84,102,Mobile Payment App
33,19,Male,Freshman,Engineering,1086,398,3114,759,335,124,91,37,60,300,59,105,Cash
34,23,Male,Senior,Psychology,502,741,2218,890,168,117,173,100,90,129,121,135,Cash
35,22,Non-binary,Junior,Economics,1020,222,4626,638,164,145,166,62,70,61,102,97,Mobile Payment App
36,21,Male,Freshman,Engineering,927,448,7816,404,400,161,139,51,20,88,87,102,Cash
37,18,Female,Senior,Psychology,605,417,3698,804,189,176,151,63,100,125,63,108,Credit/Debit Card
38,18,Male,Junior,Computer Science,926,680,6253,844,289,160,135,63,57,172,76,130,Mobile Payment App
39,20,Female,Junior,Economics,488,499,3757,879,308,200,125,68,34,150,82,125,Mobile Payment App
40,20,Non-binary,Junior,Economics,536,724,4029,678,200,99,111,81,20,175,94,127,Mobile Payment App
41,24,Male,Senior,Computer Science,727,192,10617,696,353,192,98,99,41,128,136,122,Credit/Debit Card
42,19,Female,Freshman,Psychology,825,409,4863,411,254,110,114,75,80,141,61,50,Credit/Debit Card
43,25,Male,Freshman,Biology,708,485,4555,544,252,143,189,50,20,124,147,123,Credit/Debit Card
44,21,Male,Sophomore,Computer Science,951,666,7950,436,200,84,204,41,32,300,79,111,Mobile Payment App
45,21,Female,Junior,Psychology,934,321,4603,687,200,198,119,91,37,80,119,95,Cash
46,25,Female,Sophomore,Computer Science,1474,182,3475,632,140,50,50,66,41,168,144,166,Credit/Debit Card
47,24,Male,Sophomore,Computer Science,770,227,5558,631,211,88,164,56,28,227,152,129,Cash
48,23,Male,Freshman,Engineering,1290,357,5977,532,400,108,181,41,93,157,108,94,Credit/Debit Card
49,23,Male,Senior,Psychology,1156,260,3587,815,199,167,198,66,100,206,125,37,Cash
50,24,Male,Senior,Biology,2002,358,4021,972,203,52,253,65,27,99,139,98,Mobile Payment App
51,23,Non-binary,Freshman,Engineering,760,326,5766,572,241,62,92,28,30,145,108,77,Credit/Debit Card
52,20,Male,Senior,Computer Science,676,732,3699,613,181,94,110,111,20,300,73,34,Credit/Debit Card
53,21,Male,Sophomore,Computer Science,1323,294,4434,678,294,71,180,68,46,135,73,117,Credit/Debit Card
54,24,Non-binary,Junior,Computer Science,933,122,4567,921,189,108,222,74,85,287,140,160,Cash
55,21,Female,Freshman,Psychology,1335,219,4448,530,243,104,92,38,100,127,59,116,Mobile Payment App
56,25,Female,Junior,Psychology,1065,321,3202,690,232,200,160,98,80,119,153,129,Mobile Payment App
57,18,Female,Senior,Engineering,344,1166,7379,522,387,124,122,44,44,174,63,168,Credit/Debit Card
58,20,Male,Junior,Biology,929,806,3805,720,208,200,174,68,61,93,79,105,Cash
59,22,Male,Senior,Engineering,906,451,4406,660,296,143,151,111,55,273,95,81,Credit/Debit Card
60,20,Male,Senior,Economics,843,593,6728,582,195,131,143,28,58,156,67,33,Credit/Debit Card
61,24,Female,Sophomore,Computer Science,758,113,6489,563,217,131,50,63,53,291,164,149,Credit/Debit Card
62,22,Female,Senior,Computer Science,423,1115,4811,779,204,133,160,65,58,300,113,135,Mobile Payment App
63,18,Female,Sophomore,Computer Science,1134,616,3619,581,242,76,166,62,21,265,66,153,Credit/Debit Card
64,24,Female,Sophomore,Engineering,929,540,5589,567,400,139,187,52,47,108,158,31,Mobile Payment App
65,19,Male,Sophomore,Engineering,1243,300,4481,752,311,98,121,71,54,142,56,162,Credit/Debit Card
66,21,Female,Freshman,Computer Science,432,221,4578,630,308,153,70,67,41,288,74,91,Mobile Payment App
67,18,Female,Freshman,Engineering,979,75,6013,665,386,89,128,88,25,213,62,159,Mobile Payment App
68,21,Non-binary,Senior,Psychology,728,297,3712,1000,247,84,185,80,75,182,77,47,Credit/Debit Card
69,23,Female,Sophomore,Psychology,847,92,3041,698,298,76,146,74,100,145,113,92,Credit/Debit Card
70,19,Male,Freshman,Engineering,731,178,7850,572,339,79,192,53,33,179,67,83,Cash
71,19,Male,Sophomore,Computer Science,994,333,5405,414,178,97,84,68,47,273,59,69,Credit/Debit Card
72,18,Female,Junior,Engineering,749,674,4668,731,322,106,190,107,75,89,30,90,Mobile Payment App
73,19,Male,Junior,Engineering,525,948,4280,969,338,87,162,55,85,187,40,148,Cash
74,22,Non-binary,Junior,Engineering,828,500,7195,907,400,126,132,63,38,214,130,98,Credit/Debit Card
75,19,Non-binary,Senior,Economics,734,454,4694,732,203,143,203,79,69,160,63,180,Mobile Payment App
76,21,Female,Sophomore,Psychology,773,378,3469,592,272,112,162,40,98,85,109,157,Credit/Debit Card
77,21,Non-binary,Junior,Biology,223,253,3257,796,188,139,161,71,39,87,78,43,Credit/Debit Card
78,24,Male,Freshman,Biology,1051,371,5301,538,327,140,300,58,62,130,117,89,Mobile Payment App
79,21,Female,Junior,Economics,705,763,4834,707,311,142,137,91,46,146,109,106,Credit/Debit Card
80,24,Male,Junior,Engineering,466,307,4170,695,247,50,151,67,37,300,165,71,Credit/Debit Card
81,21,Non-binary,Junior,Economics,1157,740,3920,844,337,150,106,99,84,106,77,150,Mobile Payment App
82,22,Male,Senior,Economics,1031,462,5507,642,303,140,147,25,62,125,130,125,Credit/Debit Card
83,25,Female,Freshman,Computer Science,701,218,4150,744,313,122,102,85,20,300,135,197,Mobile Payment App
84,24,Male,Sophomore,Psychology,504,393,2924,599,328,66,141,71,71,203,107,86,Cash
85,20,Female,Freshman,Biology,859,98,6557,489,306,131,242,41,39,94,91,135,Mobile Payment App
86,23,Female,Sophomore,Engineering,840,560,6728,702,303,108,180,69,45,257,105,107,Credit/Debit Card
87,18,Female,Senior,Biology,1157,151,9685,975,325,145,127,79,60,191,30,105,Mobile Payment App
88,21,Female,Senior,Biology,669,212,6931,1000,205,179,300,25,55,159,71,149,Credit/Debit Card
89,19,Female,Senior,Psychology,1290,817,4080,958,211,188,201,85,100,91,58,199,Credit/Debit Card
90,25,Female,Senior,Biology,644,386,4201,666,227,184,224,109,74,120,120,155,Mobile Payment App
91,21,Male,Sophomore,Biology,466,183,6815,621,266,50,250,79,25,118,106,126,Credit/Debit Card
92,19,Female,Junior,Economics,508,461,3311,1000,204,80,165,78,48,176,74,117,Credit/Debit Card
93,23,Female,Sophomore,Psychology,780,380,3304,522,190,86,154,79,20,128,134,150,Credit/Debit Card
94,23,Non-binary,Freshman,Computer Science,779,412,3297,473,204,64,180,54,30,205,149,148,Cash
95,23,Male,Senior,Engineering,912,946,4300,729,301,110,130,90,20,167,144,74,Credit/Debit Card
96,19,Male,Senior,Biology,771,372,5887,648,253,137,179,64,20,72,46,101,Credit/Debit Card
97,21,Female,Freshman,Engineering,1182,233,3843,539,275,85,171,42,78,300,108,108,Mobile Payment App
98,23,Female,Sophomore,Computer Science,720,461,3247,533,189,99,73,54,65,255,147,97,Mobile Payment App
99,22,Female,Junior,Engineering,359,471,10205,873,350,197,180,78,62,300,126,155,Credit/Debit Card
100,24,Female,Junior,Computer Science,762,43,7028,611,340,200,186,91,73,141,157,111,Cash
101,19,Female,Freshman,Economics,358,822,6934,613,229,111,110,38,62,225,61,137,Credit/Debit Card
102,19,Female,Junior,Biology,891,458,5701,680,294,196,300,38,48,130,52,137,Credit/Debit Card
103,21,Female,Sophomore,Computer Science,1221,277,6879,654,250,88,132,88,38,264,90,110,Credit/Debit Card
104,19,Female,Sophomore,Engineering,539,307,4247,665,366,81,128,40,83,279,51,67,Cash
105,19,Male,Freshman,Biology,1410,187,5321,689,290,97,187,55,76,225,85,89,Mobile Payment App
106,23,Female,Sophomore,Economics,1120,501,4575,689,250,90,172,65,45,147,128,139,Mobile Payment App
107,21,Female,Senior,Biology,1296,652,3728,699,200,168,208,74,65,99,111,130,Cash
108,23,Male,Freshman,Computer Science,863,180,5224,599,188,100,78,57,20,223,96,41,Credit/Debit Card
109,24,Male,Sophomore,Economics,537,371,3630,746,307,145,167,35,66,179,131,124,Cash
110,25,Female,Freshman,Engineering,1093,207,4047,644,365,103,135,74,39,172,134,100,Credit/Debit Card
111,24,Male,Junior,Economics,623,459,1761,895,298,110,204,135,100,128,107,117,Credit/Debit Card
112,25,Male,Sophomore,Economics,838,225,6273,478,283,85,165,84,73,72,160,124,Mobile Payment App
113,23,Female,Senior,Psychology,747,673,3851,903,303,115,163,61,20,101,103,136,Mobile Payment App
114,24,Non-binary,Sophomore,Economics,1254,27,3509,411,261,121,200,20,35,172,132,172,Mobile Payment App
115,21,Non-binary,Freshman,Economics,1071,140,3413,447,174,96,158,55,51,194,75,142,Mobile Payment App
116,18,Female,Freshman,Biology,774,488,5891,510,264,103,300,27,49,205,41,103,Cash
117,23,Female,Sophomore,Engineering,366,511,5710,642,400,112,117,51,48,300,136,107,Mobile Payment App
118,25,Male,Senior,Biology,620,776,3120,857,267,162,300,126,69,224,135,97,Credit/Debit Card
119,22,Male,Senior,Biology,1060,714,3841,674,188,184,262,129,39,142,100,89,Cash
120,25,Female,Senior,Computer Science,894,18,6241,529,286,154,89,132,48,154,165,133,Cash
121,22,Female,Freshman,Biology,438,396,4126,695,358,71,251,49,80,137,123,79,Credit/Debit Card
122,19,Female,Sophomore,Psychology,388,635,4286,658,222,85,159,77,100,122,57,169,Cash
123,24,Male,Junior,Psychology,865,264,3081,835,266,119,156,24,100,158,145,101,Mobile Payment App
124,22,Male,Freshman,Computer Science,524,394,7045,792,273,78,50,24,43,291,126,140,Mobile Payment App
125,25,Female,Senior,Engineering,544,220,3225,799,338,183,122,75,35,243,133,77,Credit/Debit Card
126,19,Male,Sophomore,Engineering,1046,245,3337,500,376,95,80,76,49,300,50,64,Cash
127,18,Male,Senior,Biology,1294,428,4455,952,229,147,130,72,50,169,42,132,Cash
128,21,Female,Junior,Biology,592,528,2500,727,281,154,253,91,49,86,103,96,Credit/Debit Card
129,21,Female,Senior,Biology,785,461,2405,766,308,148,195,51,61,121,98,84,Cash
130,21,Male,Senior,Engineering,776,327,8851,710,309,153,131,86,57,238,96,134,Mobile Payment App
131,22,Non-binary,Junior,Economics,749,676,3278,671,290,200,105,85,56,161,89,83,Credit/Debit Card
132,18,Male,Sophomore,Psychology,813,577,3071,557,231,120,218,75,60,215,67,99,Credit/Debit Card
133,22,Male,Freshman,Economics,1082,148,3202,752,181,72,151,40,26,150,100,83,Mobile Payment App
134,24,Female,Sophomore,Economics,610,312,4093,493,181,109,73,60,63,141,134,147,Credit/Debit Card
135,22,Female,Junior,Engineering,434,684,4235,919,354,144,182,35,51,99,113,128,Credit/Debit Card
136,18,Male,Senior,Economics,1572,392,3043,539,156,81,132,81,58,109,89,127,Mobile Payment App
137,18,Female,Sophomore,Computer Science,1236,331,5472,760,254,50,209,81,58,248,37,76,Mobile Payment App
138,24,Female,Freshman,Biology,514,835,5618,770,210,104,239,43,20,160,126,128,Credit/Debit Card
139,18,Female,Junior,Computer Science,844,589,3605,646,140,128,115,54,84,269,42,123,Cash
140,25,Female,Sophomore,Psychology,1198,450,2646,607,284,65,122,75,58,172,178,93,Mobile Payment App
141,18,Female,Freshman,Biology,1079,505,4960,664,179,83,207,84,77,144,52,82,Credit/Debit Card
142,21,Female,Junior,Economics,962,362,3954,701,365,129,174,124,58,99,102,116,Mobile Payment App
143,25,Female,Freshman,Psychology,747,435,4496,788,331,82,110,52,42,150,171,109,Mobile Payment App
144,25,Female,Junior,Biology,1596,332,5712,782,246,151,300,90,35,147,177,162,Credit/Debit Card
145,24,Non-binary,Senior,Economics,873,70,10283,712,149,147,168,129,36,218,126,137,Cash
146,20,Male,Sophomore,Computer Science,651,357,2759,607,264,123,161,64,37,300,90,79,Mobile Payment App
147,20,Male,Freshman,Biology,1133,35,2535,526,341,134,245,55,20,126,103,92,Credit/Debit Card
148,18,Male,Junior,Economics,831,142,6831,782,303,167,148,64,34,118,54,116,Mobile Payment App
149,25,Male,Freshman,Computer Science,920,113,3926,555,306,79,86,85,69,123,138,119,Mobile Payment App
150,20,Female,Freshman,Psychology,867,268,6193,522,327,105,164,59,100,141,59,162,Credit/Debit Card
151,20,Male,Sophomore,Psychology,975,266,3442,679,187,51,246,54,54,126,89,98,Credit/Debit Card
152,18,Male,Senior,Psychology,540,677,3906,559,304,120,184,67,20,280,30,104,Credit/Debit Card
153,20,Male,Freshman,Psychology,447,298,2399,776,347,50,171,20,93,94,63,46,Mobile Payment App
154,22,Female,Junior,Engineering,1419,387,4034,809,284,125,73,34,28,214,100,80,Credit/Debit Card
155,19,Female,Junior,Biology,883,284,6405,1000,229,117,300,54,29,117,70,152,Cash
156,24,Female,Senior,Biology,1088,349,3842,905,327,169,300,109,44,151,151,80,Mobile Payment App
157,19,Female,Junior,Engineering,395,623,3781,605,400,99,208,79,42,186,50,59,Cash
158,18,Male,Senior,Economics,1225,260,3897,789,206,147,104,48,34,190,30,123,Cash
159,21,Male,Junior,Economics,649,354,4569,546,185,124,130,49,36,172,111,88,Mobile Payment App
160,24,Female,Sophomore,Psychology,579,315,4298,509,244,87,75,65,59,188,153,91,Mobile Payment App
161,18,Non-binary,Freshman,Computer Science,779,490,4590,586,176,76,71,74,35,168,59,61,Mobile Payment App
162,25,Male,Sophomore,Economics,541,380,3806,529,207,109,121,37,36,203,162,55,Credit/Debit Card
163,21,Female,Freshman,Computer Science,799,145,5383,552,215,95,173,55,43,188,87,103,Mobile Payment App
164,19,Female,Freshman,Biology,757,108,2451,533,306,71,206,40,57,79,61,114,Cash
165,18,Female,Freshman,Computer Science,1222,358,4774,822,319,103,116,41,54,211,51,164,Mobile Payment App
166,25,Female,Sophomore,Biology,1465,243,2620,611,306,109,267,36,39,155,138,115,Credit/Debit Card
167,24,Female,Freshman,Engineering,1446,392,5069,662,271,145,50,58,43,122,147,108,Credit/Debit Card
168,24,Female,Sophomore,Engineering,323,1045,9145,594,319,82,122,50,76,271,142,109,Mobile Payment App
169,23,Female,Senior,Psychology,550,506,2809,823,227,123,166,74,100,109,122,38,Credit/Debit Card
170,25,Female,Junior,Economics,322,515,4375,512,260,85,129,95,60,107,173,102,Cash
171,22,Non-binary,Junior,Psychology,496,506,3533,997,287,121,214,96,21,149,107,130,Mobile Payment App
172,20,Female,Freshman,Biology,616,125,3782,527,226,68,187,36,52,192,93,123,Credit/Debit Card
173,21,Male,Sophomore,Psychology,942,214,7188,714,199,133,120,65,54,89,71,123,Credit/Debit Card
174,25,Female,Junior,Computer Science,649,300,4904,934,328,161,100,93,30,295,171,158,Credit/Debit Card
175,23,Non-binary,Sophomore,Biology,657,136,3159,420,303,67,179,56,42,50,137,55,Credit/Debit Card
176,20,Female,Sophomore,Engineering,860,134,4188,605,347,70,163,73,70,233,123,96,Cash
177,20,Female,Freshman,Economics,403,963,7322,640,196,83,190,42,67,93,112,156,Cash
178,18,Non-binary,Junior,Biology,572,206,3756,794,293,194,300,63,37,110,68,113,Cash
179,20,Non-binary,Freshman,Biology,654,441,7340,599,241,81,286,33,51,236,69,105,Mobile Payment App
180,22,Male,Freshman,Computer Science,737,382,5359,556,138,94,91,75,41,150,92,131,Mobile Payment App
181,24,Female,Junior,Economics,825,413,5815,687,223,200,212,60,45,147,125,91,Cash
182,23,Female,Junior,Engineering,1458,162,3989,917,354,157,174,52,69,135,135,93,Cash
183,20,Male,Senior,Biology,1150,372,3717,831,239,79,242,54,48,188,105,76,Cash
184,18,Non-binary,Senior,Biology,588,1132,4415,804,275,63,300,86,20,170,30,66,Cash
185,22,Male,Sophomore,Computer Science,720,741,3471,439,273,102,268,39,52,266,93,93,Mobile Payment App
186,19,Male,Junior,Psychology,701,284,2893,746,195,200,140,54,100,206,65,105,Credit/Debit Card
187,24,Female,Senior,Engineering,651,200,10472,772,369,196,108,106,36,186,117,82,Credit/Debit Card
188,24,Male,Sophomore,Economics,892,255,8527,684,288,111,216,68,80,203,131,96,Mobile Payment App
189,23,Female,Sophomore,Biology,380,956,6293,425,248,123,300,33,62,224,149,98,Mobile Payment App
190,24,Female,Sophomore,Biology,1137,507,6052,490,250,125,251,74,73,164,154,117,Mobile Payment App
191,20,Female,Senior,Engineering,1575,582,4983,1000,325,71,151,84,67,132,96,171,Cash
192,18,Male,Junior,Psychology,718,622,2735,676,325,148,158,99,80,89,30,102,Mobile Payment App
193,24,Female,Freshman,Biology,712,105,4621,414,269,139,275,70,37,172,105,123,Credit/Debit Card
194,24,Female,Sophomore,Engineering,851,459,8060,530,333,162,79,27,53,132,131,193,Credit/Debit Card
195,19,Male,Senior,Computer Science,1202,135,9013,676,273,161,165,105,54,124,30,84,Credit/Debit Card
196,19,Female,Senior,Psychology,702,715,4830,864,272,82,163,129,100,194,74,142,Mobile Payment App
197,21,Male,Freshman,Economics,1162,27,2729,663,245,117,160,51,20,127,109,84,Mobile Payment App
198,22,Female,Freshman,Biology,972,95,3933,503,183,116,253,59,21,270,94,148,Credit/Debit Card
199,20,Male,Senior,Engineering,2057,350,3550,730,332,176,154,90,54,163,91,72,Credit/Debit Card
200,24,Male,Junior,Computer Science,701,403,8056,849,279,157,50,95,56,187,151,89,Credit/Debit Card
201,25,Female,Freshman,Economics,362,419,3275,657,264,155,113,54,32,167,132,99,Mobile Payment App
202,24,Female,Senior,Engineering,450,1183,7026,645,292,147,192,27,57,224,132,82,Credit/Debit Card
203,18,Female,Freshman,Engineering,803,620,7414,507,312,101,204,46,63,204,40,43,Cash
204,21,Female,Junior,Economics,1206,525,10816,1000,299,128,128,67,46,144,113,134,Credit/Debit Card
205,22,Non-binary,Sophomore,Computer Science,616,129,5299,574,165,102,102,74,78,300,124,88,Credit/Debit Card
206,25,Female,Freshman,Computer Science,729,223,4685,749,212,108,185,66,82,300,166,110,Mobile Payment App
207,21,Male,Junior,Psychology,1052,300,2905,809,256,145,163,66,78,192,83,96,Cash
208,23,Female,Senior,Biology,543,675,6946,922,301,172,230,49,66,88,152,67,Mobile Payment App
209,22,Male,Freshman,Economics,626,491,4239,662,340,50,193,52,20,146,113,88,Mobile Payment App
210,24,Male,Freshman,Economics,501,334,6333,617,294,95,91,35,71,183,149,46,Mobile Payment App
211,24,Male,Senior,Economics,1281,138,6343,800,220,161,208,67,79,187,174,86,Mobile Payment App
212,22,Male,Sophomore,Computer Science,1482,163,5351,475,161,108,74,107,29,300,123,144,Credit/Debit Card
213,24,Female,Senior,Biology,425,1123,2931,758,343,86,173,65,62,117,137,100,Mobile Payment App
214,20,Female,Freshman,Psychology,755,243,3674,547,207,115,97,22,20,148,70,78,Cash
215,22,Non-binary,Senior,Engineering,1404,478,4432,737,334,142,120,100,34,157,75,93,Mobile Payment App
216,21,Male,Junior,Engineering,938,314,5377,731,317,172,165,88,39,300,63,147,Cash
217,22,Non-binary,Senior,Economics,657,736,5404,801,246,164,183,108,20,184,127,95,Mobile Payment App
218,25,Female,Freshman,Biology,431,811,2575,663,191,109,233,61,45,124,115,64,Credit/Debit Card
219,24,Male,Senior,Computer Science,1268,735,4934,762,339,140,86,88,43,241,160,45,Mobile Payment App
220,20,Non-binary,Sophomore,Biology,924,113,5831,695,206,108,79,63,62,152,96,96,Mobile Payment App
221,20,Female,Senior,Biology,443,704,6036,725,257,152,300,110,20,106,62,149,Cash
222,23,Female,Sophomore,Computer Science,1287,364,4104,608,227,139,186,92,62,294,128,135,Cash
223,21,Male,Junior,Economics,421,329,4044,1000,280,200,203,41,34,153,106,132,Cash
224,19,Male,Sophomore,Biology,732,128,5251,479,239,67,229,47,24,123,66,118,Cash
225,19,Male,Senior,Engineering,719,239,7450,725,304,50,183,101,46,147,89,100,Mobile Payment App
226,22,Female,Freshman,Computer Science,1528,195,4809,418,304,84,118,52,65,289,82,24,Cash
227,23,Male,Sophomore,Psychology,720,618,4688,622,233,71,174,24,60,163,135,141,Credit/Debit Card
228,18,Female,Junior,Economics,719,568,2843,782,320,175,126,58,60,115,37,67,Credit/Debit Card
229,22,Female,Sophomore,Computer Science,463,813,3641,612,188,144,109,66,55,187,75,200,Mobile Payment App
230,23,Female,Sophomore,Psychology,619,554,3773,508,237,124,161,60,100,150,101,92,Mobile Payment App
231,21,Male,Sophomore,Psychology,576,235,5824,523,207,90,158,52,65,153,84,78,Cash
232,21,Male,Junior,Biology,589,595,7650,787,251,170,300,128,46,159,95,84,Mobile Payment App
233,21,Male,Senior,Biology,802,139,5600,597,181,191,137,83,72,61,76,100,Cash
234,21,Female,Sophomore,Biology,302,678,5554,688,280,119,300,64,48,156,84,70,Credit/Debit Card
235,21,Non-binary,Sophomore,Computer Science,437,104,7173,460,285,116,156,62,55,133,87,80,Cash
236,23,Female,Freshman,Computer Science,765,507,6239,584,325,96,203,51,20,300,107,153,Mobile Payment App
237,23,Male,Junior,Economics,839,387,4255,723,292,88,202,72,47,202,113,140,Mobile Payment App
238,20,Female,Sophomore,Biology,728,595,6840,549,291,132,50,20,35,207,91,80,Credit/Debit Card
239,25,Female,Junior,Psychology,787,457,2590,571,284,200,202,48,60,50,187,132,Mobile Payment App
240,19,Male,Sophomore,Engineering,679,654,6268,595,310,58,204,53,55,189,69,84,Mobile Payment App
241,24,Female,Senior,Economics,794,691,3249,622,330,172,87,106,48,146,142,138,Mobile Payment App
242,21,Male,Senior,Computer Science,951,232,6240,798,277,106,71,75,65,268,93,73,Mobile Payment App
243,18,Male,Sophomore,Economics,949,268,5209,524,373,113,188,43,69,195,42,121,Credit/Debit Card
244,24,Female,Senior,Economics,607,424,4257,773,337,81,155,110,46,214,151,115,Credit/Debit Card
245,23,Non-binary,Sophomore,Economics,1153,32,6335,418,267,123,117,87,55,50,144,93,Credit/Debit Card
246,18,Female,Senior,Economics,851,984,3168,898,269,157,221,41,20,109,30,118,Cash
247,18,Male,Freshman,Engineering,1309,235,6978,709,379,124,165,49,56,214,70,143,Mobile Payment App
248,18,Non-binary,Freshman,Biology,1419,154,4858,544,329,119,73,20,71,191,82,106,Cash
249,20,Male,Freshman,Psychology,449,584,4600,880,173,105,99,43,47,190,59,108,Mobile Payment App
250,23,Female,Junior,Economics,567,350,6145,878,315,173,202,117,65,173,143,123,Cash
251,18,Non-binary,Junior,Economics,1107,317,3520,746,268,121,151,74,40,118,82,113,Mobile Payment App
252,21,Male,Freshman,Economics,411,52,3127,550,304,117,114,25,38,124,109,136,Credit/Debit Card
253,22,Female,Junior,Biology,1411,255,2753,678,214,116,276,39,78,118,106,149,Mobile Payment App
254,18,Female,Senior,Computer Science,697,26,4410,703,211,166,119,57,49,151,65,71,Cash
255,20,Male,Sophomore,Computer Science,1006,176,4083,589,266,94,87,46,67,150,63,116,Mobile Payment App
256,24,Male,Sophomore,Engineering,763,498,7267,595,388,114,200,22,20,133,133,148,Credit/Debit Card
257,23,Male,Sophomore,Computer Science,458,521,7425,459,188,91,208,66,37,250,110,93,Credit/Debit Card
258,25,Non-binary,Freshman,Economics,1220,118,7164,735,230,91,174,56,64,156,128,138,Mobile Payment App
259,20,Male,Junior,Economics,2404,169,7554,882,190,130,73,63,52,103,80,20,Mobile Payment App
260,18,Female,Senior,Economics,651,252,12630,1000,270,84,242,141,46,64,56,85,Mobile Payment App
261,23,Female,Senior,Engineering,703,270,6702,827,400,176,240,71,62,184,138,200,Credit/Debit Card
262,22,Female,Freshman,Economics,277,417,6561,704,233,101,213,67,33,224,30,147,Mobile Payment App
263,18,Male,Senior,Computer Science,1373,718,7292,617,289,85,165,45,74,225,53,106,Credit/Debit Card
264,20,Female,Senior,Biology,1152,315,5368,858,256,117,247,92,45,190,81,186,Mobile Payment App
265,19,Male,Senior,Biology,399,873,4164,547,268,114,274,96,33,159,43,66,Cash
266,21,Male,Senior,Psychology,350,498,3878,653,220,156,92,64,52,147,86,138,Credit/Debit Card
267,25,Non-binary,Junior,Computer Science,366,782,4414,1000,282,131,122,76,48,114,170,81,Credit/Debit Card
268,24,Female,Senior,Economics,1035,540,4837,734,239,178,120,63,41,129,141,123,Credit/Debit Card
269,20,Male,Sophomore,Biology,1077,785,7457,598,339,64,288,53,60,123,79,51,Cash
270,23,Female,Freshman,Computer Science,552,650,5944,670,224,113,162,43,49,300,142,106,Mobile Payment App
271,25,Male,Junior,Biology,976,95,3336,774,298,154,163,38,42,159,200,139,Mobile Payment App
272,25,Female,Senior,Economics,852,787,5619,647,348,122,70,98,57,213,150,101,Mobile Payment App
273,25,Female,Junior,Biology,690,72,3470,650,309,150,268,86,39,206,159,137,Cash
274,18,Male,Senior,Psychology,1179,134,4041,884,204,138,96,73,89,107,32,85,Cash
275,21,Female,Sophomore,Psychology,494,721,4775,629,200,136,87,64,84,150,137,135,Credit/Debit Card
276,18,Female,Freshman,Biology,1266,245,8565,683,272,102,300,33,55,234,39,146,Mobile Payment App
277,23,Male,Senior,Computer Science,597,293,4450,856,253,187,265,48,42,267,88,79,Mobile Payment App
278,18,Male,Senior,Computer Science,1631,55,6015,787,275,175,127,72,37,262,62,74,Mobile Payment App
279,19,Male,Senior,Computer Science,535,390,8246,781,309,87,58,103,66,293,32,87,Mobile Payment App
280,21,Male,Senior,Biology,695,331,4555,792,254,136,300,81,62,174,120,87,Cash
281,21,Male,Freshman,Computer Science,818,510,5418,563,218,124,166,40,29,265,106,39,Cash
282,23,Female,Freshman,Economics,816,478,4876,564,260,107,188,53,41,165,104,132,Cash
283,24,Female,Sophomore,Psychology,973,329,2712,650,325,102,118,41,100,133,153,133,Credit/Debit Card
284,19,Female,Freshman,Economics,478,351,5981,744,251,104,98,28,69,97,58,55,Credit/Debit Card
285,20,Non-binary,Senior,Computer Science,788,291,3256,562,357,165,138,74,26,85,88,137,Mobile Payment App
286,18,Male,Sophomore,Economics,845,133,3223,838,294,88,158,42,50,133,30,88,Cash
287,22,Female,Sophomore,Computer Science,647,530,5234,669,289,91,113,36,58,257,83,131,Mobile Payment App
288,18,Male,Sophomore,Biology,940,17,2291,643,222,125,300,78,69,161,56,92,Cash
289,25,Non-binary,Senior,Economics,466,333,5075,648,243,148,63,145,52,181,192,120,Cash
290,18,Female,Junior,Biology,702,489,5917,687,276,132,272,34,59,143,37,124,Cash
291,20,Male,Senior,Biology,591,1139,2397,859,248,141,250,72,68,286,65,126,Credit/Debit Card
292,18,Male,Freshman,Engineering,702,158,7881,625,400,115,210,50,71,300,43,100,Credit/Debit Card
293,19,Male,Freshman,Computer Science,1427,574,2916,470,260,99,102,20,46,111,38,122,Mobile Payment App
294,19,Female,Senior,Psychology,1438,162,4023,667,220,146,185,77,76,182,76,171,Mobile Payment App
295,21,Non-binary,Senior,Computer Science,1329,622,3474,683,267,67,173,79,34,297,113,107,Credit/Debit Card
296,23,Non-binary,Sophomore,Psychology,664,430,4027,517,233,107,162,69,66,50,134,101,Mobile Payment App
297,24,Male,Senior,Computer Science,1150,440,9029,815,286,134,105,62,41,237,136,116,Credit/Debit Card
298,22,Male,Sophomore,Biology,836,728,5666,497,226,127,178,48,46,175,89,38,Mobile Payment App
299,25,Non-binary,Freshman,Economics,814,349,4443,677,344,98,135,63,48,149,196,81,Mobile Payment App
300,18,Male,Sophomore,Economics,775,143,3251,451,178,144,124,68,66,169,32,72,Credit/Debit Card
301,18,Female,Senior,Engineering,1616,512,6066,906,307,165,213,104,56,215,32,139,Credit/Debit Card
302,20,Male,Freshman,Psychology,1381,495,4996,905,262,77,156,20,36,185,44,104,Credit/Debit Card
303,23,Male,Junior,Psychology,1077,326,5032,881,228,88,189,55,91,227,96,138,Credit/Debit Card
304,19,Female,Sophomore,Psychology,747,202,4997,545,140,97,77,90,58,188,71,163,Mobile Payment App
305,22,Male,Freshman,Biology,812,323,2047,549,350,100,92,46,28,208,101,41,Mobile Payment App
306,21,Non-binary,Sophomore,Psychology,989,155,3520,487,291,50,141,57,40,97,77,54,Mobile Payment App
307,19,Non-binary,Freshman,Economics,649,267,3540,707,192,98,86,46,53,251,49,111,Mobile Payment App
308,25,Male,Freshman,Biology,1164,845,6388,616,199,90,243,73,71,165,144,53,Mobile Payment App
309,23,Female,Sophomore,Computer Science,553,357,3146,419,181,106,107,45,45,195,111,48,Mobile Payment App
310,25,Non-binary,Junior,Psychology,935,300,4926,591,247,200,165,88,100,170,183,85,Credit/Debit Card
311,24,Male,Freshman,Psychology,320,307,4111,424,328,50,110,52,77,122,132,37,Credit/Debit Card
312,21,Female,Freshman,Computer Science,641,405,2420,676,240,128,178,26,20,235,97,83,Cash
313,24,Non-binary,Freshman,Psychology,1836,164,4136,499,232,114,105,43,93,165,141,133,Credit/Debit Card
314,20,Non-binary,Junior,Computer Science,1210,314,5191,888,303,119,56,51,39,173,81,93,Cash
315,25,Male,Junior,Biology,1478,381,5482,707,271,141,300,41,33,157,147,144,Credit/Debit Card
316,20,Male,Senior,Economics,612,754,3001,883,252,178,111,117,62,114,70,82,Credit/Debit Card
317,18,Female,Sophomore,Computer Science,833,472,4829,574,291,103,218,35,52,171,62,139,Mobile Payment App
318,24,Female,Junior,Engineering,1335,474,5643,903,217,58,117,89,48,139,144,100,Cash
319,23,Female,Sophomore,Computer Science,1030,177,5414,520,278,110,108,42,51,196,109,112,Mobile Payment App
320,25,Male,Senior,Psychology,980,527,2455,684,319,170,135,122,49,122,97,88,Credit/Debit Card
321,22,Female,Sophomore,Biology,1535,588,4967,554,193,87,195,51,85,173,97,140,Cash
322,21,Female,Junior,Biology,527,1033,8885,888,236,176,250,80,53,204,67,146,Mobile Payment App
323,19,Female,Sophomore,Computer Science,743,486,4173,491,157,128,170,48,53,274,46,194,Credit/Debit Card
324,23,Male,Junior,Economics,396,522,3536,705,233,194,177,20,48,198,98,100,Credit/Debit Card
325,23,Non-binary,Sophomore,Engineering,516,505,3979,575,290,130,145,26,20,272,148,128,Mobile Payment App
326,20,Female,Junior,Biology,1229,867,3457,831,340,200,119,26,36,103,103,83,Mobile Payment App
327,24,Female,Junior,Psychology,554,255,4424,728,232,188,236,78,38,133,155,144,Credit/Debit Card
328,25,Male,Sophomore,Psychology,1073,189,2945,657,270,105,131,59,35,238,148,100,Cash
329,25,Male,Senior,Economics,1553,57,5120,682,322,173,128,100,20,122,141,20,Mobile Payment App
330,18,Female,Freshman,Biology,745,209,5151,698,146,103,232,37,37,242,30,88,Cash
331,18,Male,Senior,Computer Science,984,271,13083,878,261,129,136,23,50,193,68,37,Mobile Payment App
332,21,Female,Sophomore,Psychology,1077,122,3075,542,200,68,62,86,32,50,112,93,Mobile Payment App
333,20,Female,Senior,Economics,490,619,3704,873,201,134,178,111,63,137,89,131,Credit/Debit Card
334,23,Male,Junior,Biology,625,608,2520,638,212,177,174,80,55,192,102,91,Mobile Payment App
335,25,Female,Freshman,Biology,535,548,3036,616,230,75,214,65,45,233,148,142,Cash
336,22,Non-binary,Sophomore,Biology,645,502,6035,521,203,112,300,57,93,76,107,32,Mobile Payment App
337,20,Female,Sophomore,Biology,1065,508,4374,631,234,89,300,65,45,191,44,154,Credit/Debit Card
338,21,Male,Sophomore,Biology,630,655,3575,583,303,101,300,45,65,194,123,107,Credit/Debit Card
339,21,Male,Freshman,Psychology,788,503,3938,524,279,99,116,30,81,215,67,62,Cash
340,20,Female,Junior,Economics,527,94,3712,575,390,150,186,34,78,50,64,119,Credit/Debit Card
341,21,Male,Sophomore,Biology,1306,214,3208,578,264,169,272,44,71,232,59,165,Cash
342,20,Female,Senior,Engineering,643,565,3924,935,370,120,147,150,43,240,75,172,Mobile Payment App
343,19,Non-binary,Sophomore,Engineering,1471,176,3601,628,400,100,112,29,44,242,60,165,Mobile Payment App
344,20,Female,Sophomore,Economics,819,536,4089,443,195,95,204,41,23,201,99,112,Mobile Payment App
345,24,Female,Sophomore,Computer Science,455,98,3929,576,316,56,124,62,52,74,121,160,Credit/Debit Card
346,20,Female,Sophomore,Computer Science,747,541,6950,718,205,127,156,107,63,300,58,167,Mobile Payment App
347,21,Non-binary,Junior,Computer Science,522,975,2033,739,276,107,195,46,48,300,96,75,Credit/Debit Card
348,25,Male,Senior,Engineering,1012,425,4668,653,390,200,101,66,78,114,113,138,Mobile Payment App
349,24,Male,Junior,Computer Science,720,325,4284,1000,157,109,95,88,52,220,166,131,Credit/Debit Card
350,21,Female,Senior,Psychology,853,905,2928,639,234,158,275,101,100,151,68,95,Credit/Debit Card
351,18,Male,Sophomore,Biology,690,173,4836,577,249,153,171,46,46,167,86,102,Cash
352,18,Female,Freshman,Engineering,640,88,6356,538,255,115,230,34,26,239,34,168,Mobile Payment App
353,25,Non-binary,Junior,Economics,541,302,2800,864,269,117,147,82,37,116,126,108,Credit/Debit Card
354,25,Female,Freshman,Economics,1117,356,3150,648,337,74,128,43,49,151,166,151,Mobile Payment App
355,24,Female,Junior,Biology,746,676,5755,663,203,50,213,78,35,237,150,103,Mobile Payment App
356,19,Female,Sophomore,Engineering,705,533,3355,530,400,90,146,56,20,238,75,80,Mobile Payment App
357,25,Male,Junior,Computer Science,739,712,4958,798,277,82,216,80,20,252,157,64,Cash
358,18,Male,Sophomore,Computer Science,609,810,5241,621,184,100,187,69,70,171,94,91,Cash
359,20,Female,Junior,Psychology,706,485,4235,750,231,124,139,25,86,216,53,135,Credit/Debit Card
360,21,Male,Sophomore,Psychology,868,426,3540,569,265,104,56,50,83,139,122,47,Mobile Payment App
361,18,Male,Sophomore,Computer Science,528,337,2427,477,331,67,151,66,53,71,30,157,Credit/Debit Card
362,18,Male,Senior,Economics,560,867,2823,1000,292,120,156,106,39,171,83,132,Credit/Debit Card
363,19,Female,Sophomore,Economics,1388,506,5164,663,218,117,212,53,65,185,72,138,Cash
364,24,Female,Senior,Psychology,691,520,3982,780,272,154,76,32,22,135,171,149,Mobile Payment App
365,24,Male,Sophomore,Biology,641,519,3751,697,112,50,200,84,20,50,157,80,Cash
366,23,Female,Freshman,Computer Science,467,107,3589,579,297,124,123,61,45,141,81,66,Credit/Debit Card
367,19,Female,Sophomore,Psychology,1124,67,6567,518,214,69,147,62,78,144,58,134,Credit/Debit Card
368,20,Non-binary,Freshman,Psychology,524,371,4172,634,199,54,154,40,48,130,54,144,Credit/Debit Card
369,24,Non-binary,Freshman,Computer Science,795,548,9081,613,236,93,171,57,20,258,169,93,Credit/Debit Card
370,21,Female,Sophomore,Computer Science,403,123,4102,768,190,172,55,50,61,269,111,86,Mobile Payment App
371,25,Female,Freshman,Economics,1109,229,2972,526,242,90,158,62,41,128,158,100,Mobile Payment App
372,19,Male,Senior,Biology,1280,528,6036,654,305,144,259,134,63,80,56,114,Mobile Payment App
373,25,Female,Junior,Biology,971,732,5899,1000,153,169,246,60,76,222,163,141,Mobile Payment App
374,18,Female,Sophomore,Computer Science,433,805,4962,718,248,74,141,75,20,267,30,185,Cash
375,21,Female,Freshman,Engineering,1118,197,3809,663,318,109,50,37,54,256,100,136,Cash
376,21,Male,Sophomore,Psychology,574,481,4783,531,278,75,178,80,82,169,92,75,Mobile Payment App
377,18,Male,Senior,Psychology,500,859,4045,834,243,163,101,77,97,204,33,91,Cash
378,19,Female,Sophomore,Computer Science,686,128,7254,470,300,112,180,88,39,196,78,82,Mobile Payment App
379,18,Female,Sophomore,Engineering,680,144,5093,548,400,109,212,54,51,267,87,159,Cash
380,25,Female,Freshman,Economics,653,711,4163,483,304,105,66,33,64,183,126,79,Cash
381,23,Male,Senior,Computer Science,1331,107,4488,682,216,200,179,74,58,272,143,83,Credit/Debit Card
382,21,Female,Junior,Computer Science,1788,355,3504,625,349,149,88,66,81,135,78,137,Mobile Payment App
383,22,Female,Junior,Psychology,462,284,6032,870,195,162,147,77,48,156,121,177,Cash
384,22,Male,Freshman,Computer Science,607,525,7599,778,288,111,143,42,54,254,97,185,Mobile Payment App
385,25,Female,Sophomore,Computer Science,847,160,6158,697,310,69,187,64,48,300,149,71,Cash
386,20,Male,Freshman,Computer Science,684,364,3375,674,357,76,180,52,45,232,75,119,Credit/Debit Card
387,24,Female,Freshman,Psychology,938,328,3204,566,303,67,163,41,92,204,167,119,Mobile Payment App
388,18,Female,Freshman,Economics,1154,148,4484,619,215,76,67,53,52,75,48,111,Cash
389,18,Female,Sophomore,Economics,1079,30,8391,492,298,84,50,48,28,114,43,109,Mobile Payment App
390,20,Male,Senior,Computer Science,1020,347,5557,611,246,131,195,139,69,257,78,62,Mobile Payment App
391,20,Non-binary,Freshman,Psychology,1553,390,2882,454,308,93,187,52,92,171,117,165,Credit/Debit Card
392,25,Male,Sophomore,Economics,423,845,4590,477,262,117,100,72,79,114,166,37,Credit/Debit Card
393,25,Female,Senior,Economics,1446,51,2780,869,324,196,167,78,64,197,142,114,Mobile Payment App
394,20,Male,Freshman,Economics,678,286,3450,679,254,134,139,36,45,141,109,144,Cash
395,21,Female,Junior,Psychology,1095,120,3652,662,300,151,204,92,68,140,98,128,Cash
396,25,Female,Senior,Psychology,529,630,4942,818,222,105,154,93,100,146,137,95,Mobile Payment App
397,23,Non-binary,Freshman,Computer Science,556,704,1976,714,312,131,195,20,34,300,132,89,Mobile Payment App
398,25,Female,Senior,Biology,1042,290,4262,760,145,116,190,137,31,204,151,151,Mobile Payment App
399,18,Female,Senior,Economics,369,162,4867,683,288,158,164,104,54,244,30,108,Cash
400,25,Female,Senior,Biology,1188,510,6948,725,271,151,206,73,20,177,161,118,Mobile Payment App
401,21,Female,Senior,Psychology,1324,798,6174,966,260,95,119,100,85,246,73,142,Mobile Payment App
402,20,Female,Senior,Psychology,858,837,3334,770,144,117,50,95,89,161,54,153,Mobile Payment App
403,18,Male,Senior,Psychology,846,151,4080,1000,228,161,196,97,67,143,30,83,Credit/Debit Card
404,25,Female,Freshman,Biology,573,237,4505,533,313,95,300,34,78,128,157,70,Mobile Payment App
405,21,Non-binary,Junior,Psychology,1047,56,2212,714,211,200,80,73,100,141,92,76,Credit/Debit Card
406,23,Male,Sophomore,Computer Science,919,230,5953,459,179,86,184,66,34,215,143,141,Credit/Debit Card
407,25,Female,Senior,Psychology,553,204,3743,919,199,97,182,118,94,115,139,122,Mobile Payment App
408,21,Female,Sophomore,Engineering,684,438,6335,609,400,102,124,62,69,168,85,75,Cash
409,23,Female,Freshman,Biology,750,278,8645,509,276,90,181,54,51,180,164,86,Mobile Payment App
410,20,Male,Senior,Engineering,683,261,4971,733,400,67,209,58,41,175,40,134,Credit/Debit Card
411,25,Female,Junior,Psychology,463,945,2762,843,288,175,203,73,41,64,179,123,Mobile Payment App
412,23,Male,Sophomore,Computer Science,1058,433,7503,517,209,129,172,77,38,93,109,49,Cash
413,18,Female,Senior,Economics,725,751,4182,824,344,175,124,64,28,50,112,80,Mobile Payment App
414,20,Male,Freshman,Psychology,804,292,2604,689,222,109,204,41,100,79,94,134,Mobile Payment App
415,18,Female,Junior,Computer Science,634,245,3466,723,211,134,108,48,44,135,37,99,Mobile Payment App
416,22,Female,Sophomore,Biology,967,541,3388,413,265,105,300,32,60,101,82,195,Credit/Debit Card
417,19,Non-binary,Sophomore,Engineering,866,144,7015,572,356,96,231,42,75,230,73,173,Cash
418,25,Male,Senior,Engineering,1299,425,5154,714,383,113,209,99,54,120,116,144,Mobile Payment App
419,23,Female,Junior,Engineering,969,279,5744,618,307,200,167,66,73,145,138,137,Mobile Payment App
420,19,Non-binary,Junior,Biology,737,673,3060,856,323,193,50,51,42,58,37,144,Mobile Payment App
421,19,Male,Junior,Computer Science,595,237,5065,861,220,167,140,124,57,175,45,98,Cash
422,23,Non-binary,Junior,Biology,1131,124,2517,808,198,122,300,55,54,186,68,109,Credit/Debit Card
423,20,Male,Freshman,Engineering,714,403,4632,556,201,117,196,57,35,208,82,63,Credit/Debit Card
424,25,Female,Junior,Psychology,746,466,4651,797,241,129,171,79,65,154,160,118,Credit/Debit Card
425,22,Female,Sophomore,Economics,746,542,3480,534,294,91,115,64,78,149,110,74,Mobile Payment App
426,18,Female,Sophomore,Biology,681,393,6705,668,288,99,300,23,43,85,30,120,Cash
427,21,Male,Freshman,Biology,752,530,3305,556,268,113,114,68,20,129,123,63,Mobile Payment App
428,18,Male,Sophomore,Computer Science,1728,104,3239,574,228,87,141,66,43,241,46,73,Cash
429,21,Female,Sophomore,Computer Science,526,176,7441,583,314,95,236,78,34,297,84,28,Credit/Debit Card
430,18,Female,Junior,Biology,577,451,5044,1000,256,195,175,99,59,168,66,91,Credit/Debit Card
431,23,Male,Sophomore,Engineering,1391,414,6048,498,353,50,180,94,62,271,116,78,Credit/Debit Card
432,22,Non-binary,Freshman,Economics,688,310,6754,552,193,130,62,32,57,95,118,99,Mobile Payment App
433,25,Male,Junior,Computer Science,668,744,1713,571,159,134,117,54,41,112,139,135,Mobile Payment App
434,21,Female,Senior,Engineering,1210,562,6665,813,384,120,158,67,51,87,111,118,Cash
435,25,Female,Junior,Psychology,453,239,2788,1000,378,127,167,51,65,190,170,153,Credit/Debit Card
436,25,Female,Freshman,Computer Science,1111,423,3724,577,274,100,253,69,21,117,145,154,Credit/Debit Card
437,25,Non-binary,Junior,Engineering,814,814,7111,696,384,178,124,47,47,284,158,156,Cash
438,24,Female,Junior,Engineering,963,297,3995,772,383,147,179,62,100,178,139,87,Credit/Debit Card
439,20,Male,Freshman,Economics,956,157,4690,703,256,85,178,21,29,233,77,64,Credit/Debit Card
440,18,Female,Junior,Economics,622,541,3739,959,174,169,120,89,20,127,30,115,Credit/Debit Card
441,25,Male,Freshman,Psychology,1218,353,4201,495,289,97,197,45,100,130,134,68,Mobile Payment App
442,18,Male,Freshman,Engineering,641,291,5743,665,400,115,183,62,58,214,42,93,Mobile Payment App
443,25,Male,Senior,Engineering,942,625,4501,766,363,151,136,103,55,180,156,71,Credit/Debit Card
444,21,Female,Sophomore,Economics,1312,405,3282,744,242,68,159,27,42,170,77,76,Mobile Payment App
445,20,Female,Sophomore,Computer Science,1388,213,6038,829,274,117,102,63,54,146,80,132,Credit/Debit Card
446,20,Female,Junior,Computer Science,718,732,6886,1000,250,70,105,45,51,238,34,187,Credit/Debit Card
447,23,Non-binary,Junior,Biology,962,958,7645,651,319,135,238,75,76,112,125,101,Mobile Payment App
448,24,Non-binary,Senior,Economics,692,287,3568,670,265,97,187,67,68,139,141,119,Mobile Payment App
449,23,Male,Senior,Biology,2177,93,4822,1000,290,57,213,135,62,81,141,101,Credit/Debit Card
450,23,Male,Senior,Economics,1092,207,4106,766,311,150,119,150,36,193,153,98,Credit/Debit Card
451,23,Male,Freshman,Psychology,827,382,4015,523,291,124,138,44,81,132,138,142,Credit/Debit Card
452,23,Female,Senior,Engineering,906,175,4991,602,335,138,191,86,37,274,160,110,Mobile Payment App
453,23,Non-binary,Senior,Psychology,941,527,4151,798,179,193,82,20,100,113,124,20,Mobile Payment App
454,22,Female,Junior,Economics,952,359,1185,726,277,140,193,32,35,149,110,88,Credit/Debit Card
455,20,Female,Senior,Engineering,726,353,6374,830,391,147,175,94,47,274,96,123,Mobile Payment App
456,23,Male,Freshman,Computer Science,683,829,5593,619,174,74,82,47,28,136,122,96,Credit/Debit Card
457,25,Female,Freshman,Computer Science,752,466,4874,478,275,117,138,54,40,158,148,111,Credit/Debit Card
458,20,Female,Junior,Biology,507,1113,5412,673,255,162,290,52,39,190,107,101,Credit/Debit Card
459,20,Male,Senior,Economics,1066,115,5674,902,141,122,54,92,46,217,94,102,Cash
460,19,Female,Senior,Economics,580,902,4937,914,271,86,98,20,32,150,78,193,Cash
461,22,Male,Freshman,Computer Science,523,481,4236,562,324,55,73,38,74,152,92,90,Credit/Debit Card
462,23,Female,Senior,Psychology,795,878,3177,802,256,182,121,97,69,134,143,197,Cash
463,18,Female,Senior,Engineering,759,579,2487,644,196,91,201,131,39,300,51,136,Credit/Debit Card
464,21,Female,Senior,Psychology,884,584,4431,773,272,200,189,80,98,83,75,95,Credit/Debit Card
465,24,Female,Sophomore,Psychology,637,406,4309,710,309,76,124,71,100,176,153,151,Cash
466,25,Male,Junior,Computer Science,683,484,4530,996,212,127,201,55,41,234,131,26,Credit/Debit Card
467,18,Female,Sophomore,Computer Science,1055,380,7702,587,242,184,183,68,45,138,30,119,Cash
468,22,Male,Junior,Computer Science,1029,268,3071,739,236,120,213,60,35,201,73,115,Mobile Payment App
469,21,Male,Freshman,Biology,1012,82,4351,456,259,71,232,79,63,59,90,115,Cash
470,22,Male,Senior,Psychology,810,915,3540,702,234,125,176,74,100,164,140,119,Mobile Payment App
471,25,Non-binary,Junior,Economics,855,464,3641,771,320,76,300,67,49,171,161,133,Credit/Debit Card
472,20,Male,Sophomore,Engineering,877,583,6245,582,400,91,134,75,41,114,77,108,Cash
473,21,Female,Senior,Biology,615,135,4299,706,223,143,234,98,60,177,121,146,Credit/Debit Card
474,20,Female,Freshman,Economics,1442,236,2231,718,320,129,142,42,64,116,90,99,Mobile Payment App
475,25,Female,Junior,Psychology,1362,135,2770,833,171,161,145,81,100,112,175,162,Mobile Payment App
476,18,Male,Junior,Computer Science,1099,286,6855,758,212,146,177,46,38,151,69,86,Cash
477,25,Female,Junior,Psychology,674,656,2251,868,284,200,152,77,100,183,148,161,Mobile Payment App
478,18,Male,Senior,Engineering,992,129,4603,776,335,165,81,99,52,92,45,99,Cash
479,21,Male,Sophomore,Biology,1183,357,9678,755,260,143,241,51,20,70,78,106,Cash
480,21,Female,Sophomore,Biology,490,223,4823,520,272,126,197,52,80,120,111,151,Cash
481,23,Male,Junior,Engineering,1575,84,5304,822,298,198,63,56,55,170,100,145,Credit/Debit Card
482,22,Female,Freshman,Economics,398,683,3084,400,316,134,207,25,62,181,92,121,Cash
483,23,Female,Freshman,Economics,1060,280,2588,560,288,125,123,54,68,145,123,127,Mobile Payment App
484,22,Male,Sophomore,Biology,1430,69,3804,615,248,118,270,50,61,145,112,22,Mobile Payment App
485,23,Male,Freshman,Biology,764,102,4047,567,300,144,50,56,30,69,136,73,Cash
486,20,Male,Sophomore,Computer Science,753,563,5441,489,276,82,174,56,63,207,79,54,Credit/Debit Card
487,21,Female,Junior,Economics,1044,752,2673,689,241,109,134,86,59,50,87,105,Credit/Debit Card
488,18,Female,Sophomore,Engineering,1678,244,5495,499,311,52,72,25,20,226,64,95,Cash
489,22,Male,Sophomore,Economics,714,89,5420,588,196,115,122,37,83,183,128,76,Credit/Debit Card
490,25,Male,Junior,Computer Science,585,479,3312,882,223,188,115,51,42,166,121,68,Mobile Payment App
491,22,Male,Freshman,Biology,675,429,5401,565,244,68,300,67,69,168,131,115,Cash
492,18,Female,Sophomore,Biology,429,243,5084,780,257,78,247,68,43,128,43,55,Credit/Debit Card
493,23,Male,Sophomore,Computer Science,1145,451,3374,622,208,143,73,54,39,300,156,67,Cash
494,22,Female,Junior,Engineering,651,346,3985,513,332,169,171,60,48,225,96,121,Cash
495,24,Female,Freshman,Biology,736,220,3181,633,226,119,74,57,92,98,120,154,Credit/Debit Card
496,20,Non-binary,Sophomore,Psychology,1151,368,3112,594,218,112,93,48,100,208,92,79,Cash
497,21,Female,Junior,Biology,688,481,4498,959,279,131,241,89,39,191,137,157,Credit/Debit Card
498,18,Non-binary,Sophomore,Psychology,1083,68,5200,598,262,53,118,55,100,129,30,20,Cash
499,21,Female,Senior,Computer Science,528,566,6250,747,247,164,209,120,50,262,111,120,Mobile Payment App
500,24,Female,Junior,Computer Science,1173,228,7024,1000,279,200,158,49,90,260,151,131,Cash
501,22,Male,Freshman,Biology,917,264,4964,400,189,108,290,45,73,128,109,70,Credit/Debit Card
502,22,Non-binary,Freshman,Economics,772,41,2899,565,193,65,183,33,55,153,151,66,Mobile Payment App
503,25,Male,Freshman,Psychology,843,586,3822,626,233,93,127,74,77,162,116,103,Mobile Payment App
504,24,Male,Freshman,Engineering,478,183,5008,560,318,128,96,48,62,162,162,98,Credit/Debit Card
505,18,Male,Sophomore,Biology,835,498,3632,400,288,132,236,39,59,217,69,75,Cash
506,25,Male,Sophomore,Engineering,755,117,9363,640,284,146,193,41,27,71,178,91,Cash
507,20,Male,Freshman,Biology,483,620,6351,554,219,131,221,56,54,183,101,81,Mobile Payment App
508,25,Female,Freshman,Economics,611,300,3395,586,304,50,179,20,36,89,159,165,Mobile Payment App
509,19,Male,Freshman,Economics,759,195,3952,725,195,106,148,45,39,137,58,120,Mobile Payment App
510,18,Female,Sophomore,Economics,627,522,3706,630,300,56,72,42,72,70,37,126,Mobile Payment App
511,19,Non-binary,Freshman,Economics,304,431,5225,537,250,119,76,45,54,84,76,172,Credit/Debit Card
512,24,Non-binary,Freshman,Computer Science,1230,512,5281,639,211,121,228,49,40,218,139,144,Mobile Payment App
513,23,Female,Senior,Computer Science,755,219,5088,724,195,105,91,81,25,230,120,164,Mobile Payment App
514,19,Male,Senior,Psychology,322,1541,4224,740,240,127,118,76,51,202,53,147,Cash
515,20,Non-binary,Freshman,Engineering,1879,217,3324,675,367,80,195,50,48,182,71,104,Credit/Debit Card
516,25,Female,Junior,Biology,1314,593,5122,696,249,174,144,113,83,180,170,76,Credit/Debit Card
517,23,Male,Freshman,Biology,695,395,4703,656,295,97,185,68,29,149,125,46,Mobile Payment App
518,25,Non-binary,Senior,Computer Science,571,234,3199,750,294,113,139,74,55,268,179,134,Credit/Debit Card
519,19,Female,Junior,Biology,940,696,3211,713,290,172,212,89,58,95,37,85,Mobile Payment App
520,25,Male,Junior,Computer Science,867,528,5946,714,292,165,101,88,74,231,167,199,Credit/Debit Card
521,24,Female,Freshman,Psychology,993,466,4538,538,223,124,140,41,78,168,119,89,Mobile Payment App
522,23,Non-binary,Senior,Engineering,571,206,3625,791,375,75,183,83,58,175,149,76,Cash
523,24,Non-binary,Senior,Psychology,1241,444,3383,744,356,115,143,99,100,169,164,135,Cash
524,19,Non-binary,Junior,Economics,661,306,3864,958,298,168,117,54,34,173,36,136,Credit/Debit Card
525,24,Male,Freshman,Economics,1050,361,3219,511,230,50,197,44,65,124,124,153,Credit/Debit Card
526,20,Non-binary,Sophomore,Economics,581,261,3563,654,221,50,235,56,22,188,65,101,Cash
527,19,Male,Sophomore,Psychology,2307,211,3881,714,255,77,197,54,76,50,90,134,Cash
528,19,Female,Senior,Biology,1056,467,4176,1000,288,172,150,75,45,54,53,114,Credit/Debit Card
529,19,Male,Sophomore,Engineering,2535,114,4764,518,336,100,95,68,35,137,78,116,Cash
530,18,Female,Senior,Economics,1113,334,4830,913,194,161,171,84,69,164,36,112,Credit/Debit Card
531,25,Male,Senior,Economics,639,519,6483,806,287,98,158,101,70,112,176,157,Mobile Payment App
532,18,Female,Senior,Economics,1114,398,5692,916,296,98,88,150,71,83,73,200,Credit/Debit Card
533,18,Female,Sophomore,Engineering,1146,147,4566,535,267,141,164,49,57,203,83,77,Cash
534,20,Female,Senior,Economics,928,256,3390,764,298,157,154,90,25,155,76,165,Cash
535,23,Male,Junior,Engineering,1029,243,3932,732,332,94,223,84,43,165,125,72,Credit/Debit Card
536,25,Female,Freshman,Economics,1084,163,4803,554,274,50,128,65,70,90,152,161,Mobile Payment App
537,24,Male,Freshman,Psychology,537,196,4870,604,275,57,219,54,100,150,140,149,Credit/Debit Card
538,22,Female,Senior,Psychology,522,624,3370,1000,264,95,221,53,100,189,101,85,Credit/Debit Card
539,19,Female,Freshman,Engineering,582,401,5999,666,299,61,116,37,56,125,86,76,Mobile Payment App
540,24,Male,Sophomore,Psychology,841,641,2776,564,274,98,167,62,69,229,124,85,Mobile Payment App
541,19,Male,Sophomore,Engineering,731,620,5384,570,327,120,139,46,20,170,62,135,Credit/Debit Card
542,20,Female,Freshman,Psychology,541,524,6205,656,266,97,137,24,100,118,83,137,Mobile Payment App
543,19,Male,Sophomore,Psychology,1090,442,4781,581,236,86,162,43,72,156,74,92,Mobile Payment App
544,18,Non-binary,Freshman,Engineering,895,96,3033,581,350,110,110,35,24,217,30,133,Cash
545,25,Male,Freshman,Biology,855,472,4337,489,249,89,112,31,65,50,150,91,Credit/Debit Card
546,22,Female,Freshman,Psychology,721,375,4525,595,199,50,123,88,100,144,110,124,Credit/Debit Card
547,21,Female,Senior,Economics,687,711,2574,451,276,148,209,92,67,178,111,139,Credit/Debit Card
548,19,Non-binary,Freshman,Biology,571,660,6895,423,304,111,223,49,63,201,60,125,Mobile Payment App
549,24,Female,Senior,Engineering,1162,309,4681,734,351,190,148,109,68,201,137,180,Mobile Payment App
550,18,Non-binary,Freshman,Biology,603,122,5070,666,241,127,300,76,20,132,52,70,Cash
551,21,Male,Freshman,Computer Science,869,214,7458,761,270,83,70,54,84,279,115,128,Credit/Debit Card
552,22,Non-binary,Freshman,Computer Science,1555,306,7352,640,217,93,171,64,34,300,68,78,Mobile Payment App
553,21,Male,Sophomore,Psychology,700,480,4085,653,290,101,233,49,53,154,97,87,Credit/Debit Card
554,18,Non-binary,Senior,Psychology,1174,566,2790,794,294,148,154,58,60,140,73,104,Credit/Debit Card
555,25,Female,Senior,Economics,1004,263,2925,888,248,200,53,109,42,212,138,104,Mobile Payment App
556,25,Male,Freshman,Biology,906,65,4504,621,256,98,233,62,80,93,139,59,Mobile Payment App
557,23,Female,Freshman,Computer Science,950,149,5863,637,199,84,180,60,60,229,149,103,Cash
558,25,Male,Sophomore,Psychology,770,223,4729,443,279,137,155,62,54,270,148,108,Mobile Payment App
559,23,Male,Sophomore,Biology,811,385,3545,626,239,136,261,44,39,172,118,95,Credit/Debit Card
560,21,Non-binary,Sophomore,Psychology,642,810,4032,602,123,127,169,50,100,188,100,158,Mobile Payment App
561,20,Non-binary,Senior,Psychology,813,607,4237,725,256,72,103,116,85,133,30,106,Cash
562,24,Male,Senior,Computer Science,633,153,5711,735,245,143,109,67,41,268,103,100,Mobile Payment App
563,24,Female,Senior,Computer Science,1196,460,5734,606,200,130,131,89,20,300,151,126,Cash
564,21,Female,Freshman,Psychology,405,575,3463,653,299,113,169,35,24,74,90,115,Credit/Debit Card
565,19,Male,Senior,Engineering,969,15,5362,810,298,103,90,78,27,203,61,114,Cash
566,19,Female,Junior,Psychology,915,175,5693,788,214,174,252,46,77,167,51,101,Mobile Payment App
567,25,Female,Junior,Psychology,882,236,3430,809,306,155,50,70,100,147,149,78,Mobile Payment App
568,24,Female,Sophomore,Economics,1205,83,3459,475,271,126,64,50,62,125,163,117,Mobile Payment App
569,24,Female,Senior,Economics,713,506,7575,1000,202,108,177,36,73,219,142,133,Credit/Debit Card
570,23,Female,Junior,Economics,886,97,3841,902,250,151,173,87,61,160,146,125,Cash
571,20,Female,Sophomore,Engineering,402,726,5177,662,275,123,146,72,25,160,76,88,Credit/Debit Card
572,18,Female,Senior,Engineering,677,527,3987,972,244,50,183,85,58,278,50,125,Credit/Debit Card
573,19,Female,Freshman,Psychology,1126,322,2121,621,184,120,178,30,89,219,71,144,Cash
574,24,Non-binary,Junior,Economics,468,591,4425,743,285,124,150,45,47,207,150,116,Credit/Debit Card
575,23,Female,Freshman,Engineering,852,216,5060,627,274,99,163,85,43,180,108,94,Credit/Debit Card
576,22,Female,Senior,Computer Science,610,605,6532,978,201,192,50,20,47,197,109,122,Mobile Payment App
577,23,Male,Junior,Psychology,765,525,5896,663,239,185,143,45,28,97,111,151,Mobile Payment App
578,19,Female,Senior,Biology,624,621,2179,976,379,115,236,144,23,162,95,82,Cash
579,19,Non-binary,Freshman,Psychology,485,318,4785,464,274,50,245,87,100,204,30,146,Cash
580,23,Male,Junior,Biology,933,539,5317,849,292,136,173,112,24,178,136,32,Mobile Payment App
581,18,Female,Freshman,Economics,784,406,2367,701,203,131,148,56,20,237,34,100,Cash
582,21,Female,Senior,Biology,1022,531,5739,863,272,195,300,66,35,52,72,104,Mobile Payment App
583,19,Non-binary,Senior,Economics,1099,374,4823,916,250,52,178,36,59,157,58,145,Mobile Payment App
584,23,Non-binary,Freshman,Computer Science,1305,291,7330,587,215,117,151,54,61,287,150,168,Mobile Payment App
585,24,Male,Junior,Biology,843,199,4278,614,240,159,300,53,29,119,127,133,Credit/Debit Card
586,23,Male,Freshman,Psychology,1328,127,3633,705,218,123,110,71,77,93,88,115,Credit/Debit Card
587,20,Female,Senior,Economics,541,948,5009,1000,257,140,236,32,39,89,61,158,Cash
588,21,Non-binary,Freshman,Psychology,1150,248,9022,583,240,50,182,51,80,155,97,65,Cash
589,22,Female,Senior,Engineering,961,158,6960,868,284,120,68,110,44,123,77,152,Credit/Debit Card
590,18,Non-binary,Freshman,Economics,878,299,2910,517,238,72,119,64,36,223,64,73,Credit/Debit Card
591,25,Male,Junior,Biology,955,197,4984,662,294,96,67,92,37,175,123,77,Mobile Payment App
592,22,Male,Junior,Economics,544,793,5285,793,193,172,189,80,20,139,100,111,Credit/Debit Card
593,21,Male,Freshman,Psychology,495,199,8403,527,223,94,178,50,68,145,111,62,Credit/Debit Card
594,21,Female,Freshman,Computer Science,1585,309,5660,609,267,111,126,62,48,300,84,164,Mobile Payment App
595,21,Female,Junior,Economics,747,679,5068,1000,220,184,210,80,21,217,68,120,Credit/Debit Card
596,22,Female,Senior,Biology,743,464,4194,688,313,67,233,94,43,103,108,73,Credit/Debit Card
597,24,Female,Junior,Engineering,514,382,4525,824,400,200,281,72,44,158,130,174,Cash
598,21,Male,Senior,Computer Science,442,538,4333,551,310,200,90,73,20,198,119,92,Mobile Payment App
599,23,Female,Freshman,Engineering,772,471,4374,652,367,50,182,26,34,166,141,114,Credit/Debit Card
600,22,Female,Freshman,Economics,697,274,1992,529,298,120,130,29,33,59,120,112,Mobile Payment App
601,25,Non-binary,Senior,Psychology,800,328,3042,818,251,200,116,73,80,109,155,20,Credit/Debit Card
602,21,Non-binary,Freshman,Psychology,828,566,4965,626,221,58,141,46,100,114,90,151,Cash
603,23,Non-binary,Senior,Biology,2165,151,4352,798,224,90,269,56,50,89,120,110,Credit/Debit Card
604,24,Non-binary,Sophomore,Psychology,698,504,3164,505,172,124,152,39,100,172,105,115,Cash
605,20,Female,Junior,Computer Science,1505,476,4805,743,232,159,183,63,45,215,80,144,Cash
606,24,Female,Sophomore,Psychology,1542,290,4751,623,235,106,180,78,86,180,124,109,Mobile Payment App
607,25,Male,Senior,Biology,1081,325,3375,748,241,129,300,24,51,100,153,66,Credit/Debit Card
608,21,Male,Junior,Economics,728,331,3352,962,376,146,89,49,98,181,96,72,Cash
609,25,Female,Senior,Economics,464,196,2865,785,213,50,72,88,46,157,145,151,Credit/Debit Card
610,22,Male,Junior,Psychology,968,561,3771,650,239,89,146,102,98,122,128,99,Credit/Debit Card
611,19,Female,Junior,Engineering,1202,514,3648,836,400,135,110,123,54,300,43,156,Credit/Debit Card
612,21,Female,Junior,Economics,1609,222,5783,461,215,51,193,63,72,155,85,162,Mobile Payment App
613,19,Male,Junior,Psychology,547,256,2831,1000,198,134,96,63,93,123,58,126,Mobile Payment App
614,23,Male,Senior,Biology,725,343,4184,556,240,139,196,80,56,164,148,137,Cash
615,20,Male,Junior,Psychology,548,767,2703,896,215,109,133,77,40,102,80,78,Credit/Debit Card
616,18,Female,Junior,Economics,620,486,3701,876,304,111,238,70,28,141,49,141,Cash
617,25,Non-binary,Sophomore,Biology,1043,282,2492,486,257,68,300,62,37,251,172,94,Credit/Debit Card
618,24,Female,Freshman,Psychology,609,378,7263,655,195,85,92,26,66,61,129,80,Credit/Debit Card
619,20,Female,Freshman,Computer Science,575,279,3776,531,265,110,50,21,52,185,97,136,Credit/Debit Card
620,21,Non-binary,Sophomore,Biology,1100,390,3311,583,259,112,194,74,37,142,102,134,Cash
621,19,Non-binary,Sophomore,Computer Science,958,269,11271,647,181,130,148,56,20,197,89,98,Credit/Debit Card
622,24,Non-binary,Senior,Engineering,920,345,6168,773,353,133,147,107,70,174,132,111,Mobile Payment App
623,19,Male,Senior,Biology,616,507,8265,649,274,159,233,90,58,234,59,121,Credit/Debit Card
624,22,Male,Senior,Computer Science,1341,184,5105,833,182,79,190,43,51,183,112,81,Mobile Payment App
625,19,Male,Sophomore,Economics,804,509,4269,579,189,106,129,91,75,169,63,124,Mobile Payment App
626,22,Female,Sophomore,Economics,2072,154,2763,588,232,93,160,60,33,119,125,87,Credit/Debit Card
627,23,Female,Junior,Engineering,853,243,5700,773,284,160,182,54,47,237,120,134,Mobile Payment App
628,24,Female,Senior,Biology,314,195,3441,605,279,128,257,69,53,196,118,76,Credit/Debit Card
629,24,Female,Senior,Biology,309,525,2100,633,228,124,294,50,41,146,167,168,Mobile Payment App
630,18,Male,Senior,Biology,1026,97,2528,703,241,105,103,93,34,121,88,120,Credit/Debit Card
631,21,Male,Freshman,Engineering,1345,182,6100,641,256,130,155,46,67,201,63,160,Mobile Payment App
632,22,Female,Junior,Biology,584,709,7954,659,297,114,258,120,55,176,119,86,Credit/Debit Card
633,18,Female,Senior,Economics,1853,182,5695,934,212,200,141,98,62,193,64,143,Credit/Debit Card
634,19,Male,Senior,Computer Science,1555,441,4364,806,198,84,120,138,33,244,69,99,Cash
635,19,Female,Senior,Economics,870,758,4499,827,252,189,173,57,66,146,96,67,Credit/Debit Card
636,18,Non-binary,Freshman,Economics,992,399,1509,566,303,50,156,42,37,213,30,113,Mobile Payment App
637,24,Male,Freshman,Computer Science,1144,473,4939,440,272,94,147,62,54,178,128,117,Mobile Payment App
638,19,Male,Sophomore,Economics,1703,575,2996,653,221,82,133,71,89,129,67,159,Cash
639,25,Male,Junior,Engineering,1050,645,5866,686,298,158,135,71,67,300,173,84,Credit/Debit Card
640,23,Male,Sophomore,Computer Science,862,510,4682,450,182,124,111,38,56,217,149,114,Mobile Payment App
641,23,Female,Junior,Economics,1046,394,2965,671,346,200,126,20,77,182,100,131,Credit/Debit Card
642,25,Male,Freshman,Psychology,991,370,4434,592,327,84,103,44,57,105,119,94,Credit/Debit Card
643,18,Male,Senior,Economics,1157,129,4451,470,264,109,130,79,59,200,65,96,Mobile Payment App
644,25,Female,Sophomore,Engineering,426,384,8169,566,324,126,168,62,33,129,157,146,Credit/Debit Card
645,22,Non-binary,Senior,Biology,907,586,4593,911,193,134,300,43,42,88,113,106,Mobile Payment App
646,22,Male,Sophomore,Economics,961,308,4352,603,242,80,147,42,81,194,126,92,Mobile Payment App
647,18,Male,Freshman,Biology,777,323,3808,719,294,86,233,54,55,131,33,84,Mobile Payment App
648,25,Non-binary,Freshman,Psychology,1094,177,2873,559,286,78,157,57,100,137,150,60,Credit/Debit Card
649,22,Non-binary,Freshman,Economics,1725,161,5806,715,227,50,199,51,47,171,120,140,Credit/Debit Card
650,24,Male,Sophomore,Computer Science,845,528,5583,465,290,146,138,53,74,203,120,84,Credit/Debit Card
651,25,Male,Junior,Biology,1055,227,4965,857,307,160,277,43,51,97,144,136,Credit/Debit Card
652,24,Male,Sophomore,Psychology,1520,563,5198,589,251,51,168,79,79,121,142,137,Credit/Debit Card
653,22,Male,Junior,Computer Science,853,109,3488,956,299,200,118,89,50,151,120,171,Credit/Debit Card
654,23,Male,Sophomore,Computer Science,560,589,7216,558,332,105,185,48,57,300,96,113,Mobile Payment App
655,22,Male,Sophomore,Computer Science,1023,303,7518,494,345,93,50,76,44,300,123,116,Credit/Debit Card
656,24,Female,Freshman,Computer Science,331,297,3295,650,219,115,203,46,22,161,148,142,Mobile Payment App
657,20,Non-binary,Senior,Economics,319,528,9361,994,272,121,90,64,49,171,63,118,Cash
658,21,Non-binary,Senior,Economics,913,458,4685,810,285,84,143,109,52,136,139,148,Credit/Debit Card
659,19,Female,Junior,Economics,313,37,3322,774,249,117,191,74,82,222,45,117,Credit/Debit Card
660,25,Male,Senior,Psychology,472,490,5275,622,312,136,128,72,20,268,169,116,Mobile Payment App
661,20,Female,Sophomore,Psychology,687,306,3741,694,252,73,161,34,100,186,85,116,Credit/Debit Card
662,22,Female,Sophomore,Psychology,599,1059,4968,594,242,115,192,36,100,124,101,72,Mobile Payment App
663,23,Male,Freshman,Engineering,754,334,4964,670,239,138,242,61,63,128,126,122,Credit/Debit Card
664,18,Female,Freshman,Psychology,1248,48,7139,619,165,89,149,55,79,162,60,21,Credit/Debit Card
665,22,Male,Senior,Economics,880,564,3524,1000,232,50,158,51,29,142,167,116,Credit/Debit Card
666,23,Male,Junior,Economics,571,1120,5300,707,104,133,152,43,89,77,96,132,Credit/Debit Card
667,21,Male,Senior,Engineering,1375,621,5460,712,400,104,138,142,74,215,40,117,Credit/Debit Card
668,22,Female,Senior,Engineering,451,57,7942,911,382,131,82,97,55,300,89,91,Credit/Debit Card
669,24,Female,Senior,Psychology,874,262,4652,914,284,130,93,117,83,190,139,175,Credit/Debit Card
670,18,Male,Senior,Biology,432,790,3384,919,305,103,238,125,47,91,63,154,Mobile Payment App
671,23,Non-binary,Sophomore,Engineering,884,237,4677,598,307,58,167,41,61,208,126,131,Credit/Debit Card
672,23,Male,Junior,Computer Science,704,482,9855,806,261,140,213,113,49,253,121,155,Mobile Payment App
673,23,Female,Sophomore,Economics,1233,420,5006,465,231,76,139,38,56,174,155,196,Credit/Debit Card
674,21,Male,Junior,Computer Science,1067,115,5079,759,305,200,226,89,58,102,79,80,Credit/Debit Card
675,22,Male,Freshman,Economics,632,247,1752,627,122,107,89,46,98,144,143,72,Credit/Debit Card
676,21,Male,Senior,Economics,585,549,2665,816,305,109,160,104,31,163,107,122,Mobile Payment App
677,25,Female,Sophomore,Engineering,705,547,3956,524,206,85,136,55,53,196,184,20,Mobile Payment App
678,19,Male,Junior,Engineering,1693,148,2917,637,311,133,84,85,74,74,46,93,Credit/Debit Card
679,19,Male,Freshman,Computer Science,1528,224,6381,704,197,102,65,69,66,213,57,80,Credit/Debit Card
680,25,Non-binary,Freshman,Economics,543,587,5418,688,243,118,128,65,63,189,125,103,Cash
681,22,Female,Senior,Computer Science,1101,633,10188,749,222,188,132,82,100,182,116,75,Mobile Payment App
682,24,Male,Junior,Biology,400,620,3056,914,230,137,168,49,71,126,146,95,Credit/Debit Card
683,21,Non-binary,Sophomore,Computer Science,668,333,4721,693,277,113,188,54,37,300,135,129,Mobile Payment App
684,18,Female,Senior,Psychology,552,652,2571,561,261,157,129,96,52,140,51,182,Mobile Payment App
685,23,Non-binary,Sophomore,Computer Science,1226,96,4549,589,299,102,100,73,49,233,94,125,Credit/Debit Card
686,23,Male,Freshman,Psychology,477,215,3812,733,270,93,138,65,61,56,143,46,Mobile Payment App
687,22,Female,Sophomore,Psychology,949,379,3931,440,170,104,118,45,77,97,91,122,Mobile Payment App
688,24,Female,Sophomore,Psychology,800,318,3661,454,367,80,232,41,85,259,114,171,Credit/Debit Card
689,19,Male,Senior,Biology,745,1031,5447,861,150,92,214,55,55,232,79,93,Cash
690,19,Female,Sophomore,Computer Science,1561,169,9297,729,265,143,104,56,20,260,49,144,Mobile Payment App
691,23,Male,Senior,Computer Science,1617,124,4440,743,286,149,232,89,34,53,113,136,Credit/Debit Card
692,22,Female,Freshman,Biology,755,283,4837,553,264,108,298,53,64,83,138,126,Credit/Debit Card
693,21,Male,Senior,Economics,696,67,6548,559,239,130,155,44,82,82,105,110,Mobile Payment App
694,19,Female,Senior,Engineering,437,813,6146,741,400,160,110,57,41,113,76,141,Credit/Debit Card
695,21,Non-binary,Junior,Computer Science,798,299,3976,588,306,132,188,55,42,196,67,96,Mobile Payment App
696,24,Non-binary,Sophomore,Engineering,1747,85,5777,564,323,54,76,95,48,264,154,103,Credit/Debit Card
697,19,Non-binary,Freshman,Biology,759,308,4964,731,227,83,295,41,84,118,59,81,Credit/Debit Card
698,19,Male,Senior,Economics,1070,138,3608,611,209,165,162,42,51,134,56,85,Cash
699,20,Female,Freshman,Economics,457,499,5144,574,213,82,199,54,20,134,88,149,Cash
700,19,Male,Junior,Economics,672,488,5305,891,247,63,50,69,85,195,65,116,Mobile Payment App
701,25,Female,Sophomore,Biology,962,485,2641,522,167,91,166,36,63,194,125,79,Mobile Payment App
702,18,Female,Senior,Psychology,834,538,2411,833,249,67,100,70,36,158,69,85,Cash
703,25,Female,Sophomore,Psychology,1112,590,3618,681,290,90,94,53,59,213,175,99,Mobile Payment App
704,22,Male,Junior,Engineering,628,526,4260,790,288,189,171,69,34,183,98,57,Credit/Debit Card
705,22,Male,Junior,Psychology,397,1245,6170,792,248,86,135,94,68,237,122,107,Credit/Debit Card
706,21,Male,Freshman,Psychology,1253,450,6178,490,265,119,106,56,100,119,113,81,Mobile Payment App
707,25,Female,Senior,Economics,550,333,4478,728,274,200,94,87,20,51,117,138,Credit/Debit Card
708,25,Female,Freshman,Economics,979,73,3231,616,239,138,101,63,43,86,144,156,Credit/Debit Card
709,25,Non-binary,Junior,Engineering,958,464,5272,532,400,130,193,62,52,115,111,54,Mobile Payment App
710,24,Female,Sophomore,Computer Science,411,450,4564,400,250,72,146,45,48,169,152,97,Credit/Debit Card
711,19,Male,Freshman,Engineering,1217,508,5917,584,238,105,191,52,34,289,73,53,Credit/Debit Card
712,18,Female,Freshman,Engineering,637,518,1540,637,299,105,283,51,73,178,36,53,Credit/Debit Card
713,21,Male,Sophomore,Biology,817,250,9410,608,314,127,238,30,46,82,91,116,Credit/Debit Card
714,25,Male,Freshman,Biology,693,302,4908,437,310,101,126,71,44,77,147,106,Mobile Payment App
715,25,Female,Sophomore,Engineering,1530,254,6134,710,213,112,143,39,56,205,114,99,Mobile Payment App
716,20,Female,Senior,Engineering,1369,130,5670,793,305,101,243,98,44,300,106,85,Cash
717,21,Male,Sophomore,Engineering,387,1204,3677,697,290,122,204,71,38,225,100,67,Mobile Payment App
718,25,Male,Senior,Psychology,1974,341,4038,696,288,86,117,20,47,197,152,105,Mobile Payment App
719,21,Female,Sophomore,Biology,609,382,2334,626,193,81,215,64,93,170,92,111,Mobile Payment App
720,19,Non-binary,Junior,Engineering,1854,301,2874,847,400,165,188,111,65,103,79,80,Mobile Payment App
721,20,Female,Junior,Economics,722,458,1998,910,176,194,173,54,42,180,48,135,Mobile Payment App
722,21,Female,Senior,Economics,698,731,2184,899,242,168,189,30,75,93,77,130,Mobile Payment App
723,18,Non-binary,Senior,Psychology,724,243,4373,675,189,138,138,80,90,129,54,77,Cash
724,18,Female,Junior,Psychology,681,598,5881,764,282,139,169,83,76,113,72,102,Cash
725,22,Male,Senior,Computer Science,2195,157,3929,711,147,101,134,81,29,217,61,125,Credit/Debit Card
726,20,Female,Sophomore,Computer Science,775,210,2624,614,241,88,219,40,33,206,99,146,Credit/Debit Card
727,20,Female,Sophomore,Computer Science,708,810,5302,456,240,50,73,39,69,196,65,96,Mobile Payment App
728,22,Non-binary,Junior,Psychology,825,486,3464,573,205,200,73,33,97,136,104,164,Credit/Debit Card
729,21,Female,Freshman,Psychology,543,400,3649,838,310,166,114,20,33,163,95,113,Credit/Debit Card
730,20,Non-binary,Sophomore,Psychology,1515,258,5786,793,335,50,116,53,62,136,57,136,Credit/Debit Card
731,18,Female,Senior,Economics,444,238,3915,931,229,79,73,95,63,141,30,82,Mobile Payment App
732,18,Female,Freshman,Psychology,625,610,2262,648,256,140,64,50,100,249,54,114,Mobile Payment App
733,25,Female,Freshman,Economics,1163,183,3820,677,219,76,203,52,60,201,192,87,Mobile Payment App
734,19,Male,Sophomore,Computer Science,813,132,4317,677,186,141,141,72,40,187,46,50,Cash
735,20,Female,Sophomore,Computer Science,996,625,3558,765,194,122,137,86,54,233,60,118,Credit/Debit Card
736,21,Non-binary,Freshman,Computer Science,1477,339,5179,550,195,90,152,48,45,227,70,99,Credit/Debit Card
737,22,Male,Freshman,Engineering,1195,241,8643,524,400,128,229,53,57,215,105,132,Mobile Payment App
738,22,Non-binary,Junior,Engineering,845,860,3754,778,352,138,155,80,79,208,90,90,Credit/Debit Card
739,21,Female,Senior,Biology,1845,568,5173,857,202,137,231,88,34,154,75,129,Cash
740,24,Non-binary,Junior,Biology,622,916,6542,746,206,162,188,72,55,137,144,96,Credit/Debit Card
741,23,Male,Sophomore,Biology,768,75,5164,544,200,123,287,62,48,119,96,70,Cash
742,19,Male,Junior,Engineering,790,299,7111,966,202,182,146,109,44,182,97,124,Mobile Payment App
743,22,Male,Junior,Engineering,767,223,5941,671,358,200,232,106,47,88,86,81,Mobile Payment App
744,20,Male,Junior,Biology,521,233,4068,970,243,155,227,31,76,184,102,86,Mobile Payment App
745,19,Male,Junior,Biology,424,506,5386,905,335,194,300,77,61,174,104,64,Cash
746,20,Female,Senior,Psychology,945,271,2736,1000,145,193,114,84,60,250,103,59,Mobile Payment App
747,24,Female,Senior,Biology,620,443,8313,1000,292,168,182,119,62,90,161,136,Mobile Payment App
748,18,Non-binary,Freshman,Psychology,1715,342,3840,637,296,84,58,47,58,129,65,106,Cash
749,19,Male,Sophomore,Economics,777,199,5930,807,303,132,189,65,20,208,69,127,Cash
750,25,Male,Junior,Engineering,723,667,6288,845,340,158,148,56,20,235,178,115,Cash
751,22,Male,Freshman,Biology,1239,269,4251,639,296,61,291,61,60,231,104,62,Credit/Debit Card
752,19,Female,Freshman,Engineering,939,162,6892,619,344,130,234,28,44,300,82,120,Credit/Debit Card
753,19,Female,Freshman,Engineering,745,401,3773,556,276,51,107,43,69,50,87,118,Credit/Debit Card
754,19,Male,Senior,Engineering,619,657,4908,878,298,167,100,54,57,228,75,130,Mobile Payment App
755,23,Female,Junior,Economics,3455,332,4387,929,228,116,110,64,55,163,119,164,Mobile Payment App
756,19,Female,Junior,Computer Science,924,579,3850,598,308,146,50,58,40,223,74,57,Credit/Debit Card
757,20,Male,Sophomore,Biology,1234,16,2735,855,313,58,224,76,60,128,72,132,Mobile Payment App
758,18,Female,Junior,Computer Science,531,358,4280,991,290,109,194,66,81,300,39,154,Cash
759,24,Male,Junior,Computer Science,634,469,6017,704,253,118,152,107,20,222,155,75,Mobile Payment App
760,21,Female,Freshman,Computer Science,1862,179,10027,656,147,95,71,44,47,50,97,118,Mobile Payment App
761,19,Male,Sophomore,Engineering,1398,315,4530,595,378,82,132,38,76,179,80,36,Credit/Debit Card
762,22,Female,Junior,Psychology,960,379,6011,823,289,154,156,66,40,253,113,118,Cash
763,19,Male,Senior,Engineering,686,420,4163,762,343,160,198,97,52,131,75,68,Credit/Debit Card
764,22,Female,Junior,Engineering,728,227,3370,848,356,121,189,112,36,295,137,138,Mobile Payment App
765,20,Female,Freshman,Computer Science,610,168,6240,493,209,101,132,37,44,300,76,134,Credit/Debit Card
766,22,Female,Senior,Engineering,503,322,4159,1000,302,162,132,130,20,192,101,116,Credit/Debit Card
767,25,Male,Freshman,Computer Science,1157,359,5418,500,208,50,179,44,69,239,163,105,Cash
768,21,Male,Junior,Psychology,992,305,3916,851,242,158,120,61,79,146,43,76,Cash
769,18,Female,Senior,Biology,1073,330,3019,691,293,113,300,105,21,123,64,79,Mobile Payment App
770,22,Male,Sophomore,Computer Science,699,215,4755,584,271,50,117,88,58,174,92,163,Mobile Payment App
771,22,Non-binary,Sophomore,Psychology,886,313,4992,646,197,88,227,71,81,221,143,143,Mobile Payment App
772,18,Male,Senior,Biology,673,166,7636,792,341,97,258,44,36,141,65,103,Credit/Debit Card
773,21,Female,Senior,Economics,598,1002,3096,796,258,120,52,93,89,111,113,112,Mobile Payment App
774,19,Male,Freshman,Computer Science,1558,146,6352,563,216,114,182,82,60,266,83,172,Cash
775,22,Female,Senior,Computer Science,839,117,5919,690,234,175,162,20,75,256,100,180,Cash
776,18,Female,Freshman,Economics,980,587,3114,666,222,138,174,53,46,75,44,109,Mobile Payment App
777,25,Non-binary,Junior,Economics,1117,371,2934,668,261,196,262,65,20,117,121,77,Mobile Payment App
778,25,Female,Freshman,Computer Science,844,61,5971,535,183,68,136,33,20,97,184,121,Credit/Debit Card
779,20,Male,Senior,Economics,880,437,3120,697,264,190,72,112,29,277,54,88,Credit/Debit Card
780,18,Male,Senior,Engineering,517,782,3661,736,379,88,213,35,76,184,49,71,Mobile Payment App
781,20,Male,Junior,Biology,559,451,3709,595,282,184,97,63,39,116,104,141,Cash
782,25,Male,Senior,Biology,547,236,4952,597,263,163,180,112,70,124,185,115,Credit/Debit Card
783,21,Female,Senior,Biology,1019,810,5885,850,278,147,243,108,26,112,89,105,Credit/Debit Card
784,19,Female,Sophomore,Engineering,823,171,3836,655,350,73,105,71,36,197,30,104,Cash
785,18,Male,Sophomore,Economics,559,663,4184,631,302,135,146,63,39,211,54,100,Credit/Debit Card
786,24,Female,Junior,Psychology,1008,506,2371,958,238,97,143,69,81,154,146,102,Cash
787,25,Female,Freshman,Economics,994,272,2284,511,204,99,226,40,22,80,163,99,Credit/Debit Card
788,25,Female,Sophomore,Computer Science,605,442,4008,427,268,102,50,40,34,138,148,193,Mobile Payment App
789,24,Female,Freshman,Biology,791,371,6522,678,304,50,246,61,45,158,137,87,Credit/Debit Card
790,23,Female,Senior,Economics,995,531,4817,552,230,146,103,89,23,108,111,40,Credit/Debit Card
791,25,Female,Sophomore,Psychology,567,585,3344,586,329,67,121,76,22,140,158,143,Mobile Payment App
792,22,Male,Junior,Computer Science,1003,404,2490,816,269,200,184,53,50,300,126,133,Mobile Payment App
793,21,Male,Junior,Engineering,902,494,5378,1000,385,200,175,52,23,139,100,104,Credit/Debit Card
794,18,Male,Junior,Engineering,536,443,4801,708,249,109,167,83,74,108,49,51,Credit/Debit Card
795,24,Female,Sophomore,Psychology,873,39,3272,552,289,88,87,20,100,112,162,115,Credit/Debit Card
796,22,Female,Freshman,Computer Science,925,202,4671,666,273,104,209,20,38,90,115,101,Credit/Debit Card
797,24,Female,Senior,Biology,622,888,3064,858,355,53,169,112,62,214,140,168,Mobile Payment App
798,18,Male,Freshman,Economics,642,652,4803,565,275,149,219,36,51,92,51,74,Mobile Payment App
799,20,Male,Freshman,Computer Science,534,118,4645,618,282,90,117,51,71,151,55,106,Credit/Debit Card
800,18,Female,Senior,Engineering,668,552,4041,684,271,123,201,94,40,116,30,141,Mobile Payment App
801,23,Non-binary,Senior,Psychology,796,621,4264,838,265,168,155,112,90,65,122,81,Mobile Payment App
802,18,Female,Sophomore,Psychology,643,935,5773,440,307,102,66,51,84,147,35,98,Credit/Debit Card
803,18,Male,Sophomore,Economics,441,742,7638,890,232,104,132,52,55,112,49,112,Cash
804,23,Male,Sophomore,Psychology,607,127,3776,672,214,125,235,47,56,59,142,20,Mobile Payment App
805,21,Non-binary,Sophomore,Psychology,677,663,4767,489,350,96,191,72,100,131,109,154,Credit/Debit Card
806,25,Male,Sophomore,Computer Science,1109,148,6377,573,236,66,128,73,41,252,162,69,Credit/Debit Card
807,18,Male,Senior,Biology,1014,78,3311,643,295,191,300,119,41,127,66,101,Credit/Debit Card
808,23,Female,Freshman,Economics,1117,546,3929,518,226,82,164,28,35,179,145,71,Mobile Payment App
809,22,Male,Sophomore,Computer Science,595,223,7975,621,228,84,232,104,36,300,129,139,Mobile Payment App
810,20,Female,Sophomore,Biology,846,57,4365,739,243,106,233,53,45,190,99,120,Mobile Payment App
811,20,Non-binary,Freshman,Computer Science,303,400,7267,589,278,60,135,47,58,241,56,117,Cash
812,18,Male,Sophomore,Computer Science,949,316,4750,410,308,107,199,63,65,285,30,116,Mobile Payment App
813,21,Male,Freshman,Psychology,1021,448,4217,538,221,128,162,33,78,261,79,132,Mobile Payment App
814,21,Male,Freshman,Biology,695,525,4430,545,306,147,284,41,78,77,85,66,Credit/Debit Card
815,22,Male,Senior,Economics,900,164,5224,791,256,171,106,124,52,181,128,91,Credit/Debit Card
816,18,Male,Junior,Economics,436,457,5491,761,241,185,208,107,20,100,48,137,Credit/Debit Card
817,20,Male,Senior,Biology,580,708,4404,494,277,113,300,89,26,162,70,86,Mobile Payment App
818,21,Female,Junior,Psychology,1086,400,3553,659,321,174,217,97,96,83,98,169,Credit/Debit Card
819,18,Female,Junior,Engineering,981,308,7383,636,358,131,82,81,43,262,60,127,Cash
820,24,Female,Junior,Computer Science,678,851,3537,896,213,188,91,70,42,245,155,104,Mobile Payment App
821,21,Female,Sophomore,Psychology,1106,268,6160,571,257,103,112,44,46,224,86,144,Credit/Debit Card
822,23,Non-binary,Senior,Biology,845,143,4961,520,278,185,220,59,41,136,105,104,Mobile Payment App
823,24,Female,Junior,Computer Science,653,441,8598,667,220,146,83,53,42,202,124,150,Credit/Debit Card
824,25,Non-binary,Freshman,Economics,743,321,3588,717,264,76,181,73,59,135,157,94,Mobile Payment App
825,21,Female,Sophomore,Engineering,666,661,4858,540,278,101,128,77,45,300,73,150,Mobile Payment App
826,20,Female,Senior,Economics,498,589,4486,691,281,126,212,124,75,181,98,135,Mobile Payment App
827,19,Male,Junior,Biology,1322,119,5250,757,323,194,300,81,36,217,44,89,Credit/Debit Card
828,24,Male,Freshman,Computer Science,637,528,4354,622,245,59,120,33,54,279,108,45,Credit/Debit Card
829,25,Male,Senior,Biology,573,1027,3772,761,287,69,178,100,20,194,158,114,Credit/Debit Card
830,22,Male,Senior,Computer Science,433,658,4857,913,301,152,187,119,63,114,104,132,Credit/Debit Card
831,22,Male,Sophomore,Psychology,278,74,6420,585,228,90,154,72,32,122,119,105,Cash
832,20,Female,Senior,Engineering,1059,647,6842,867,352,91,168,47,61,166,70,39,Credit/Debit Card
833,21,Non-binary,Sophomore,Psychology,1098,424,5314,619,306,98,216,30,20,152,103,147,Cash
834,18,Non-binary,Junior,Psychology,1289,187,4030,611,331,151,136,87,43,144,70,123,Cash
835,21,Male,Sophomore,Biology,753,733,5171,778,236,136,154,53,66,69,82,118,Credit/Debit Card
836,20,Female,Freshman,Engineering,703,501,4914,715,251,50,88,52,81,213,90,117,Credit/Debit Card
837,22,Male,Sophomore,Computer Science,652,127,5048,543,279,105,141,45,20,74,145,42,Mobile Payment App
838,21,Female,Freshman,Computer Science,677,574,6313,588,261,149,132,50,28,283,110,140,Credit/Debit Card
839,22,Female,Sophomore,Economics,1252,285,4610,661,251,147,193,37,86,155,94,112,Mobile Payment App
840,24,Female,Senior,Computer Science,791,203,6106,803,224,143,219,90,52,300,146,93,Credit/Debit Card
841,25,Male,Junior,Biology,930,271,3706,793,294,115,300,89,29,160,128,152,Credit/Debit Card
842,18,Non-binary,Freshman,Psychology,670,94,7966,650,220,91,114,60,100,126,30,129,Credit/Debit Card
843,24,Male,Sophomore,Psychology,1356,145,2905,635,216,70,109,33,92,71,169,106,Credit/Debit Card
844,22,Male,Sophomore,Psychology,373,209,4528,635,243,86,59,69,78,130,118,74,Mobile Payment App
845,22,Female,Sophomore,Engineering,490,408,9085,609,385,102,150,48,20,154,140,84,Cash
846,19,Female,Senior,Computer Science,931,830,4666,863,182,159,194,126,91,252,73,138,Credit/Debit Card
847,19,Female,Senior,Biology,1611,436,3291,807,199,175,183,110,55,128,54,48,Mobile Payment App
848,24,Non-binary,Freshman,Engineering,731,388,6663,623,271,96,75,48,43,252,140,128,Credit/Debit Card
849,23,Female,Freshman,Economics,571,402,5354,737,349,94,244,82,79,217,130,142,Credit/Debit Card
850,24,Non-binary,Senior,Biology,1193,267,6265,836,264,176,183,63,31,79,184,155,Mobile Payment App
851,19,Male,Freshman,Biology,910,442,4465,633,197,89,231,47,28,149,79,129,Cash
852,22,Female,Junior,Biology,1340,281,6519,664,243,169,202,84,30,147,95,161,Credit/Debit Card
853,20,Male,Junior,Psychology,477,939,1578,671,288,70,83,120,63,165,76,82,Cash
854,24,Male,Senior,Biology,1298,465,5919,928,349,159,300,124,50,184,149,56,Mobile Payment App
855,22,Non-binary,Freshman,Computer Science,430,575,7942,657,173,163,62,60,62,300,88,115,Credit/Debit Card
856,20,Non-binary,Sophomore,Biology,712,569,4645,691,196,72,300,42,24,94,79,124,Mobile Payment App
857,20,Female,Junior,Psychology,943,601,3943,805,233,200,163,50,84,71,75,156,Credit/Debit Card
858,19,Female,Senior,Biology,861,187,2962,831,234,169,218,103,37,159,74,173,Cash
859,24,Male,Freshman,Economics,1222,104,3729,585,234,126,137,27,47,172,138,65,Mobile Payment App
860,21,Non-binary,Senior,Economics,385,422,2025,776,244,168,172,92,74,186,67,138,Credit/Debit Card
861,18,Female,Sophomore,Psychology,846,189,4184,558,351,80,117,76,89,111,49,39,Cash
862,19,Male,Junior,Computer Science,1292,528,3548,953,186,85,158,36,61,106,80,108,Mobile Payment App
863,19,Male,Senior,Computer Science,819,850,4955,687,257,159,105,102,37,300,93,120,Cash
864,21,Male,Senior,Engineering,506,175,5099,819,361,134,50,109,88,245,114,54,Credit/Debit Card
865,18,Female,Senior,Psychology,1197,380,2204,759,177,81,180,73,95,131,30,142,Cash
866,22,Male,Sophomore,Biology,617,482,4143,695,321,86,300,56,41,50,83,68,Credit/Debit Card
867,23,Non-binary,Senior,Psychology,575,862,2766,809,242,95,178,33,100,116,103,97,Mobile Payment App
868,24,Female,Sophomore,Engineering,547,671,5478,646,254,157,147,57,61,258,170,150,Mobile Payment App
869,23,Female,Sophomore,Psychology,738,449,5435,620,327,125,130,29,37,171,134,108,Credit/Debit Card
870,22,Non-binary,Sophomore,Psychology,860,155,5816,500,284,70,131,46,81,81,162,99,Credit/Debit Card
871,25,Female,Junior,Engineering,481,369,5789,851,289,161,130,62,30,253,180,131,Mobile Payment App
872,19,Non-binary,Junior,Computer Science,522,616,7363,767,286,91,159,44,20,218,66,136,Mobile Payment App
873,18,Male,Senior,Biology,605,1120,4367,681,269,63,50,49,41,213,40,99,Cash
874,19,Female,Senior,Engineering,545,374,5960,596,225,110,50,50,72,161,72,176,Mobile Payment App
875,20,Non-binary,Junior,Economics,811,112,3028,673,178,133,172,101,79,119,96,98,Mobile Payment App
876,19,Female,Freshman,Computer Science,924,443,4832,676,266,111,140,46,39,233,89,164,Cash
877,19,Male,Junior,Economics,874,387,4675,1000,161,176,100,102,44,129,59,115,Cash
878,22,Female,Sophomore,Computer Science,875,205,4282,611,300,89,99,51,77,159,153,144,Mobile Payment App
879,22,Male,Junior,Biology,1560,562,9046,650,180,168,195,62,63,242,109,65,Credit/Debit Card
880,22,Female,Sophomore,Biology,947,452,4722,641,296,52,206,51,59,221,133,163,Mobile Payment App
881,23,Female,Senior,Psychology,1094,722,5487,920,321,200,221,20,79,102,131,124,Mobile Payment App
882,20,Non-binary,Freshman,Economics,677,146,5737,792,274,53,96,56,64,161,72,186,Credit/Debit Card
883,25,Female,Senior,Computer Science,1167,776,4253,944,100,119,188,81,49,110,115,129,Credit/Debit Card
884,25,Male,Sophomore,Biology,664,98,3435,622,306,78,287,61,80,235,130,99,Mobile Payment App
885,22,Female,Sophomore,Engineering,943,513,3355,657,296,56,139,20,47,263,133,101,Credit/Debit Card
886,18,Male,Sophomore,Biology,462,384,3730,527,247,109,300,59,47,200,65,100,Credit/Debit Card
887,23,Female,Freshman,Engineering,855,257,4183,679,276,151,172,40,20,192,136,170,Mobile Payment App
888,21,Non-binary,Junior,Computer Science,541,700,4406,901,334,63,87,75,71,300,126,135,Credit/Debit Card
889,18,Male,Senior,Biology,1163,526,8445,455,258,50,192,81,30,208,30,108,Mobile Payment App
890,24,Female,Senior,Biology,1135,608,5392,798,229,103,271,70,20,141,130,150,Mobile Payment App
891,24,Female,Junior,Computer Science,663,563,7156,973,316,130,120,85,46,138,131,104,Credit/Debit Card
892,18,Female,Senior,Biology,1816,192,4367,692,293,172,288,112,43,171,30,101,Mobile Payment App
893,22,Male,Freshman,Engineering,713,374,4152,400,251,85,208,41,58,201,94,81,Credit/Debit Card
894,21,Female,Senior,Biology,419,579,4589,776,266,62,237,43,62,242,73,155,Cash
895,21,Male,Sophomore,Economics,585,236,3287,707,261,138,119,32,33,152,63,132,Credit/Debit Card
896,23,Female,Junior,Psychology,526,406,2360,832,176,101,114,82,100,155,107,91,Credit/Debit Card
897,21,Female,Freshman,Engineering,931,472,3650,602,378,118,131,68,45,266,93,95,Mobile Payment App
898,24,Male,Junior,Economics,488,333,2274,659,248,92,128,28,20,150,175,95,Credit/Debit Card
899,20,Male,Freshman,Computer Science,644,336,5036,490,357,94,193,31,81,277,59,69,Cash
900,22,Female,Sophomore,Engineering,907,509,13459,618,400,110,120,53,64,172,131,128,Mobile Payment App
901,21,Female,Junior,Psychology,845,694,4065,772,261,104,141,23,87,94,99,171,Cash
902,23,Female,Senior,Psychology,795,133,4052,890,245,157,188,81,61,104,133,133,Credit/Debit Card
903,24,Male,Freshman,Computer Science,841,145,4829,644,147,89,133,53,50,199,142,130,Mobile Payment App
904,20,Male,Junior,Computer Science,689,47,7806,683,292,120,127,83,20,233,42,60,Mobile Payment App
905,19,Male,Senior,Engineering,421,270,3830,813,320,200,193,72,44,244,43,84,Credit/Debit Card
906,19,Male,Junior,Biology,682,239,7380,791,226,154,300,63,99,172,76,43,Credit/Debit Card
907,20,Male,Junior,Computer Science,964,153,5025,563,251,160,151,47,30,225,80,98,Mobile Payment App
908,24,Male,Junior,Biology,757,659,4564,725,327,170,300,29,53,96,107,165,Cash
909,23,Non-binary,Freshman,Economics,935,315,5281,606,318,117,158,44,20,184,120,168,Credit/Debit Card
910,20,Female,Senior,Psychology,632,829,3711,765,318,154,193,95,59,74,91,133,Cash
911,22,Female,Sophomore,Biology,1190,159,4817,631,198,137,300,60,24,91,84,122,Mobile Payment App
912,22,Female,Freshman,Psychology,287,788,6127,607,328,71,118,65,87,152,102,137,Credit/Debit Card
913,19,Female,Freshman,Biology,846,614,5111,634,225,104,198,53,54,189,95,77,Cash
914,21,Male,Freshman,Economics,1372,118,7683,616,287,90,189,58,23,181,106,107,Credit/Debit Card
915,23,Non-binary,Sophomore,Computer Science,1456,352,5648,597,281,104,141,63,51,217,156,39,Mobile Payment App
916,19,Female,Senior,Economics,729,266,4298,800,242,110,102,136,52,172,57,27,Cash
917,21,Female,Senior,Computer Science,470,741,7967,733,260,71,132,70,53,145,116,107,Mobile Payment App
918,21,Male,Senior,Computer Science,1381,354,9271,725,167,173,79,103,67,182,74,171,Cash
919,25,Non-binary,Junior,Psychology,783,882,4842,792,252,200,151,77,100,122,171,164,Credit/Debit Card
920,22,Female,Junior,Economics,750,314,4813,518,238,185,158,89,37,101,95,161,Mobile Payment App
921,24,Male,Junior,Biology,559,212,7736,731,359,176,300,80,43,132,149,100,Credit/Debit Card
922,18,Female,Sophomore,Economics,485,207,3409,529,251,107,209,59,46,139,60,176,Cash
923,24,Female,Junior,Psychology,1002,304,2338,672,214,133,134,81,35,126,153,101,Mobile Payment App
924,18,Non-binary,Sophomore,Computer Science,1045,211,5495,568,255,97,255,70,29,205,30,70,Cash
925,20,Non-binary,Senior,Psychology,867,346,1571,605,216,135,96,101,91,50,86,91,Mobile Payment App
926,22,Female,Junior,Engineering,589,820,5357,739,232,112,79,107,88,236,110,62,Cash
927,21,Non-binary,Junior,Engineering,522,191,4556,810,351,70,87,76,29,181,120,184,Credit/Debit Card
928,23,Male,Freshman,Biology,451,697,3693,705,250,105,146,30,95,129,112,116,Credit/Debit Card
929,18,Non-binary,Sophomore,Psychology,639,204,3010,819,299,91,187,63,58,80,30,81,Mobile Payment App
930,24,Male,Senior,Biology,535,467,2502,542,322,187,300,71,74,227,107,97,Mobile Payment App
931,21,Male,Freshman,Biology,403,242,7671,506,344,122,300,40,58,229,89,96,Mobile Payment App
932,18,Male,Freshman,Engineering,1038,337,3699,568,339,50,55,42,53,93,41,143,Mobile Payment App
933,18,Male,Senior,Biology,472,667,2319,797,284,200,300,58,41,138,43,167,Cash
934,25,Female,Freshman,Engineering,1185,258,5077,636,343,84,226,20,50,274,149,159,Mobile Payment App
935,18,Female,Sophomore,Computer Science,936,929,7374,538,134,89,199,89,35,198,77,146,Credit/Debit Card
936,23,Female,Sophomore,Psychology,899,188,3338,400,311,50,118,50,100,119,122,131,Mobile Payment App
937,22,Male,Junior,Biology,1557,357,2809,914,277,151,253,30,72,116,132,103,Credit/Debit Card
938,23,Female,Freshman,Engineering,478,96,6428,650,361,112,102,50,36,231,132,123,Cash
939,19,Male,Junior,Economics,1134,211,4932,872,224,200,187,86,20,280,46,103,Cash
940,21,Non-binary,Freshman,Biology,710,229,5585,578,217,125,122,45,43,191,95,103,Cash
941,22,Female,Sophomore,Computer Science,2237,166,4187,635,246,84,184,34,89,141,140,103,Mobile Payment App
942,25,Male,Sophomore,Computer Science,686,216,6678,400,277,50,114,31,54,177,175,68,Mobile Payment App
943,22,Female,Sophomore,Economics,643,366,2669,492,152,82,168,105,73,136,134,111,Credit/Debit Card
944,22,Non-binary,Freshman,Engineering,948,442,4551,719,338,131,137,25,31,149,120,66,Credit/Debit Card
945,24,Female,Sophomore,Biology,735,669,3473,603,334,88,211,27,40,97,130,99,Credit/Debit Card
946,22,Male,Freshman,Engineering,590,849,7615,786,316,67,197,43,43,262,142,96,Cash
947,25,Male,Junior,Computer Science,542,319,6434,653,151,147,226,91,26,187,166,107,Mobile Payment App
948,23,Non-binary,Freshman,Engineering,1433,255,5980,855,312,89,106,74,53,236,143,118,Cash
949,22,Male,Junior,Computer Science,502,833,2991,1000,264,120,159,66,33,300,112,114,Cash
950,20,Male,Freshman,Engineering,874,161,8023,535,349,77,95,44,68,173,59,112,Cash
951,21,Male,Junior,Economics,1220,340,6134,720,257,144,126,41,51,163,102,153,Mobile Payment App
952,22,Non-binary,Sophomore,Psychology,1244,536,4370,725,346,130,113,81,100,98,143,164,Credit/Debit Card
953,21,Male,Junior,Economics,628,839,3751,706,257,161,87,70,20,170,111,88,Credit/Debit Card
954,20,Female,Sophomore,Economics,736,285,4885,573,259,50,202,59,39,215,91,153,Mobile Payment App
955,20,Non-binary,Sophomore,Psychology,681,416,5445,526,221,146,155,68,62,212,62,104,Credit/Debit Card
956,21,Male,Junior,Psychology,432,173,5324,688,297,171,122,79,88,152,125,49,Credit/Debit Card
957,18,Male,Freshman,Biology,991,488,6948,611,334,109,235,45,41,124,76,119,Cash
958,19,Female,Freshman,Biology,812,153,4149,572,218,112,300,69,84,161,30,101,Cash
959,24,Male,Senior,Economics,1423,185,3768,508,244,164,201,39,46,152,158,79,Cash
960,18,Female,Freshman,Economics,575,368,2943,744,133,111,177,51,31,173,45,99,Credit/Debit Card
961,18,Male,Senior,Computer Science,1236,446,6772,987,208,99,116,95,46,177,55,77,Cash
962,23,Female,Freshman,Computer Science,1271,535,4355,651,348,115,155,41,43,194,108,185,Mobile Payment App
963,24,Male,Freshman,Biology,815,559,4606,612,235,104,152,57,68,139,142,63,Mobile Payment App
964,24,Non-binary,Sophomore,Biology,335,832,3614,506,261,112,233,73,41,183,117,104,Credit/Debit Card
965,18,Female,Senior,Computer Science,651,356,5510,719,213,113,198,115,20,284,33,59,Cash
966,22,Non-binary,Freshman,Computer Science,1634,201,4580,708,272,132,208,46,53,192,120,85,Mobile Payment App
967,23,Female,Senior,Engineering,900,774,4821,857,313,116,117,77,36,129,109,72,Mobile Payment App
968,23,Non-binary,Sophomore,Engineering,1055,103,5669,645,351,98,191,70,26,235,133,127,Credit/Debit Card
969,20,Male,Sophomore,Computer Science,771,194,5162,649,255,84,181,56,50,279,82,54,Cash
970,25,Male,Senior,Engineering,731,1129,2166,918,400,98,137,41,47,200,200,142,Cash
971,24,Male,Sophomore,Psychology,379,1050,4639,691,258,121,187,77,68,114,127,60,Cash
972,18,Non-binary,Junior,Biology,1099,143,4664,869,208,118,300,27,55,126,43,75,Credit/Debit Card
973,20,Female,Junior,Biology,1232,435,4786,734,218,146,300,81,38,231,65,144,Mobile Payment App
974,21,Female,Sophomore,Computer Science,546,761,7734,768,156,58,97,110,52,241,123,187,Credit/Debit Card
975,19,Male,Junior,Economics,744,234,7674,716,256,63,136,84,38,200,67,86,Cash
976,25,Male,Freshman,Computer Science,705,333,5723,513,246,151,169,36,66,164,151,117,Mobile Payment App
977,25,Male,Senior,Engineering,946,349,4009,706,400,200,109,71,49,294,170,68,Credit/Debit Card
978,25,Male,Freshman,Economics,643,240,3635,480,191,81,227,53,84,194,137,84,Cash
979,23,Female,Senior,Engineering,1161,500,5580,855,279,159,165,83,40,202,98,116,Mobile Payment App
980,21,Male,Sophomore,Psychology,823,437,2582,598,215,86,127,75,85,180,100,75,Credit/Debit Card
981,25,Female,Freshman,Engineering,288,546,5075,712,308,120,124,71,72,300,158,161,Credit/Debit Card
982,21,Male,Sophomore,Psychology,954,118,3413,400,186,67,115,86,91,94,80,124,Credit/Debit Card
983,22,Female,Sophomore,Psychology,1191,146,2096,621,236,64,185,36,79,123,117,100,Mobile Payment App
984,25,Female,Senior,Engineering,504,721,6651,746,326,140,191,84,56,246,191,31,Credit/Debit Card
985,19,Female,Senior,Engineering,942,406,4904,735,328,156,116,97,60,211,73,93,Cash
986,21,Female,Senior,Psychology,1663,310,2215,644,313,110,223,126,83,170,55,165,Mobile Payment App
987,21,Male,Freshman,Economics,836,645,6465,604,248,60,130,53,49,184,123,96,Mobile Payment App
988,19,Female,Junior,Psychology,1263,151,2993,680,247,192,110,55,97,174,104,156,Credit/Debit Card
989,25,Female,Senior,Biology,670,260,6283,977,307,120,278,96,48,137,165,179,Mobile Payment App
990,19,Female,Senior,Psychology,794,575,4231,861,249,120,90,134,45,140,68,141,Mobile Payment App
991,21,Female,Freshman,Economics,737,536,4897,698,189,136,81,43,91,227,64,160,Cash
992,19,Female,Senior,Biology,685,139,3365,553,196,200,163,64,67,154,47,99,Mobile Payment App
993,21,Female,Freshman,Computer Science,754,223,7280,688,196,109,110,47,31,300,88,161,Credit/Debit Card
994,21,Male,Sophomore,Computer Science,416,358,4665,679,189,126,187,46,45,300,80,93,Mobile Payment App
995,22,Male,Senior,Economics,700,1335,8226,727,349,92,85,107,38,110,99,76,Mobile Payment App
996,18,Male,Senior,Psychology,1366,675,2808,755,196,170,168,65,60,186,52,163,Credit/Debit Card
997,21,Male,Sophomore,Engineering,544,323,6061,501,322,125,192,85,67,134,81,99,Mobile Payment App
998,25,Female,Sophomore,Economics,522,785,4326,569,252,71,222,69,43,230,185,94,Mobile Payment App
999,20,Non-binary,Sophomore,Biology,819,243,4525,656,241,83,200,73,88,159,81,124,Credit/Debit Card
